seller_id,seller_state,receita
4869f7a5dfa277a7dca6462dcf3b52b2,SP,249393.44
7c67e1448b00f6e969d365cea6b010ab,SP,239536.44
53243585a1d6dc2643021fd1853d8905,BA,235856.68
4a3ca9315b744ce9f8e9374361493884,SP,235359.30000000002
fa1c13f2614d7b5c4749cbc52fecda94,SP,202861.67
da8622b14eb17ae2831f4ac5b9dab84a,SP,185192.32
7e93a43ef30c4f03f38b393420bc753a,SP,177414.87
1025f0e2d44d7041d6cf58b6550e0bfa,SP,172860.69
7a67c85e85bb2ce8582c35f2203ad736,SP,162607.24
955fee9216a65b617aa5c0531780ce60,SP,160582.9
6560211a19b47992c3666cc44a7e94c0,SP,150522.02
1f50f920176fa81dab994f9023523100,SP,142037.48
46dc3b2cc0980fb8ec44634e21d2718e,RJ,136492.87
a1043bafd471dff536d0c462352beb48,MG,133195.8
cc419e0650a3c5ba77189a1882b7556a,SP,129169.95
5dceca129747e92ff8ef7a997dc4f8ca,SP,125737.68
620c87c171fb2a6dd6e8bb4dec959fc6,RJ,122365.03
7d13fca15225358621be4086e1eb0964,SP,122261.02
3d871de0142ce09b7081e2b9d1733cb1,SP,116835.8
edb1ef5e36e0c8cd84eb3c9b003e486d,RJ,83189.65000000001
ccc4bbb5f32a6ab2b7066a4130f114e3,PR,79261.59999999999
cca3071e3e9bb7d12640c9fbe2301306,SP,77186.42
8581055ce74af1daba164fdbd55a40de,SP,74137.92
f7ba60f8c3f99e7ee4042fdef03b70c4,SP,72736.01
fe2032dab1a61af8794248c8196565c9,SP,70680.95
de722cd6dad950a92b7d4f82673f8833,PE,65112.75
7ddcbb64b5bc1ef36ca8c151f6ec77df,SP,63291.0
04308b1ee57b6625f47df1d56f00eedf,SC,63184.99
f8db351d8c4c4c22c6835c19a46f01b0,SP,63045.45
218d46b86c1881d022bce9c68a7d4b15,SP,62273.2
25c5c91f63607446a97b143d2d535d31,MG,61679.33
37be5a7c751166fbc5f8ccba4119e043,SP,61433.88
522620dcb18a6b31cd7bdf73665113a9,PR,61057.49
17e34d8224d27a541263c4c64b11a56b,SP,60678.67
ceaec5548eefc6e23e6607c5435102e7,SP,58777.020000000004
17f51e7198701186712e53a39c564617,SP,57812.43
b2ba3715d723d245138f291a6fe42594,SP,57246.64
f5a590cf36251cf1162ea35bef76fe84,SP,55868.96
8160255418d5aaa7dbdc9f4c64ebda44,SP,54871.5
77530e9772f57a62c906e1c21538ab82,PR,54726.76
ea8482cd71df3c1969d7b9473ff13abc,SP,54684.52
e882b2a25a10b9c057cc49695f222c19,RJ,53913.759999999995
4e922959ae960d389249c378d1c939f5,SP,53271.229999999996
e9779976487b77c6d4ac45f75ec7afe9,SP,53255.81
966cb4760537b1404caedd472cc610a5,SP,52935.87
2bf6a2c1e71bbd29a4ad64e6d3c3629f,RJ,51629.49
4d6d651bd7684af3fffabd5f08d12e5a,SP,51400.29
c826c40d7b19f62a09e2d7c5e7295ee2,SP,51217.22
d91fb3b7d041e83b64a00a3edfb37e4f,SP,50180.51
17a053fcb14bd219540cbde0df490be0,SP,49531.57
c3cfdc648177fdbbbb35635a37472c53,PR,49127.81
391fc6631aebcf3004804e51b40bcf1e,SP,48986.590000000004
06a2c3af7b3aee5d69171b0e14f0ee87,MA,48550.24
850f4f8af5ea87287ac68de36e29107f,SP,48469.77
b33e7c55446eabf8fe1a42d037ac7d6d,SP,47710.24
eeb6de78f79159600292e314a77cbd18,SC,46795.28
712e6ed8aa4aa1fa65dab41fed5737e4,SC,46704.13
2eb70248d66e0e3ef83659f71b244378,SP,45860.1
ba90964cff9b9e0e6f32b23b82465f7b,SP,45523.5
634964b17796e64304cadf1ad3050fb7,RJ,45296.01
7142540dd4c91e2237acb7e911c4eba2,SP,44289.16
834f3294fba9f932f56edc879193f925,SP,44207.42
b839e41795b7f3ad94cc2014a52f6796,SP,43749.93
1835b56ce799e6a4dc4eddc053f04066,SP,42086.16
dbc22125167c298ef99da25668e1011f,MG,41502.71
7178f9f4dd81dcef02f62acdf8151e01,SC,41478.92
c3867b4666c7d76867627c2f7fb22e21,SP,41454.07
7299e27ed73d2ad986de7f7c77d919fa,MG,41060.33
c70c1b0d8ca86052f45a432a38b73958,SP,40476.28
53e4c6e0f4312d4d2107a8c9cddf45cd,SP,39796.84
855668e0971d4dfd7bef1b6a4133b41b,SP,39638.94
e9bc59e7b60fc3063eb2290deda4cced,PR,38940.58
87142160b41353c4e5fca2360caf6f92,RS,38314.31
0241d4d5d36f10f80c644447315af0bd,PR,38251.61
59417c56835dd8e2e72f91f809cd4092,SP,37657.770000000004
9c0e69c7bf2619675bbadf47b43f655a,SP,36524.2
70a12e78e608ac31179aea7f8422044b,SP,36465.44
2528513dd95219a6013d4d05176e391a,SP,36400.97
88460e8ebdecbfecb5f9601833981930,PR,36377.4
76d5af76d0271110f9af36c92573f765,SP,35820.94
1554a68530182680ad5c8b042c3ab563,MG,35376.75
7681ef142fd2c19048da7430856b5588,SP,34857.93
70eea00b476a314817cefde4aad4f89a,SP,34764.17
5c243662ce92d84573bfaff24c3e3700,SP,34637.66
001cca7ae9ae17fb1caed9dfb1094831,ES,33934.17
e59aa562b9f8076dd550fcddf0e73491,PR,33803.97
1900267e848ceeba8fa32d80c1a5f5a8,SP,33120.590000000004
9f505651f4a6abe901a56cdc21508025,SP,32391.86
d1c281d3ae149232351cd8c8cc885f0d,SP,32339.06
0b90b6df587eb83608a64ea8b390cf07,PR,32207.64
59b22a78efb79a4797979612b885db36,MG,32082.07
d23019c84ffae2d5ef2270367b8605fc,PR,31954.84
8b321bb669392f5163d04c59e235e066,SP,31692.05
900ba814c251a692506d7834c1218441,SP,31467.940000000002
a3a38f4affed601eb87a97788c949667,SC,31444.940000000002
16090f2ca825584b5a147ab24aa30c86,SP,31173.11
d2374cbcbb3ca4ab1086534108cc3ab7,SP,30774.8
12b9676b00f60f3b700e83af21824c0e,RS,30128.53
7e1fb0a3ebfb01ffb3a7dae98bf3238d,SP,30005.89
c003204e1ab016dfa150abc119207b24,SP,29850.89
b32be1695eb7ec5f10f72d9610a12527,RS,29831.02
de23c3b98a88888289c6f5cc1209054a,SP,28892.74
dc4a0fc896dc34b0d5bfec8438291c80,SP,28795.09
897060da8b9a21f655304d50fd935913,SP,28592.91
a416b6a846a11724393025641d4edd5e,SP,27865.8
1c68394e931a64f90ea236c5ea590300,PR,27729.16
1a3df491d1c4f1589fc2b934ada68bf2,SC,27594.12
710e3548e02bc1d2831dfc4f1b5b14d4,PR,27460.57
f62d7bb4a613ec758a03342d46b580b2,MG,26790.59
b94cc9f10ddc85e4ba73a6f7974e7101,RJ,26368.489999999998
7ad32824caee82087b3e2e5f33b1bf32,SP,26050.32
8f2ce03f928b567e3d56181ae20ae952,SP,25550.010000000002
729f06993dac8e860d4f02d7088ca48a,SP,25479.649999999998
f45122a9ab94eb4f3f8953578bc0c560,SP,25404.13
612170e34b97004b3ba37eae81836b4c,RS,25372.08
2b3e4a2a3ea8e01938cabda2a3e5cc79,SP,24535.1
b37c4c02bda3161a7546a4e6d222d5b2,SP,24487.6
744dac408745240a2c2528fb1b6028f3,PR,24385.02
06e5eefc71ec47ae763c5c6f8db7064f,RS,24381.84
8444e55c1f13cd5c179851e5ca5ebd00,MG,23983.91
85d9eb9ddc5d00ca9336a2219c97bb13,MG,23948.16
40db9e9aa57f7bb151bcda6b0f9bdbb7,PE,23823.989999999998
0dd184061fb0eaa7ca37932c68ab91c5,SP,23766.420000000002
ff69aa92bb6b1bf9b8b7a51c2ed9cf8b,SP,23695.2
05ff92fedb5be47920fea08e501238b9,RS,23687.16
59fb871bf6f4522a87ba567b42dafecf,SP,23628.510000000002
00ee68308b45bc5e2660cd833c3f81cc,SP,23440.66
7b0df942f46435babab05d49b744b2c4,SP,23272.78
004c9cd9d87a3c30c522c48c4fc07416,SP,23263.94
b1b3948701c5c72445495bd161b83a4c,SP,22691.15
bfd27a966d91cfaafdb25d076585f0da,SP,22645.05
dc317f341ab0e22f39acbd9dbf9b4a1f,RS,22570.13
f457c46070d02cadd8a68551231220dd,PR,22552.05
48162d548f5b1b11b9d29d1e01f75a61,SP,22277.78
44073f8b7e41514de3b7815dd0237f4f,DF,21901.93
128639473a139ac0f3e5f5ade55873a5,PR,21694.45
0c8380b62e38e8a1e6adbeba7eb9688c,MG,21184.100000000002
41b39e28db005d9731d9d485a83b4c38,SP,20769.28
54a1852d1b8f10312c55e906355666ee,SP,20614.399999999998
7aa4334be125fcdd2ba64b3180029f14,SP,20603.329999999998
821fb029fc6e495ca4f08a35d51e53a5,SP,20596.89
cd68562d3f44870c08922d380acae552,SP,20564.14
86ccac0b835037332a596a33b6949ee1,SC,20544.13
76d64c4aca3a7baf218bf93ef7fa768d,PR,20455.29
fa40cc5b934574b62717c68f3d678b6d,SP,20444.35
96493fab2fbb13a14d0c0e8772eef5c3,SP,20181.23
d650b663c3b5f6fb392b6326366efa9a,SP,20153.04
2a5b78b41cd05baeac8df54c6606b92c,MG,20132.83
1e8b33f18b4f7598d87f5cbee2282cc2,SP,20011.3
527801b552d0077ffd170872eb49683b,SP,20005.36
c33847515fa6305ce6feb1e818569f13,SC,19894.26
4b9750c8ad28220fe6702d4ecb7c898f,SP,19305.1
9de4643a8dbde634fe55621059d92273,SC,19282.41
79ebd9a61bac3eaf882805ed4ecfa12a,PR,19105.14
165fc07beebdcb6190fba8a06db2a449,PR,19081.43
4c2b230173bb36f9b240f2b8ac11786e,SP,18989.84
2a84855fd20af891be03bc5924d2b453,MG,18927.8
a888faf2d1baececa6baf9c3d603ee1f,PR,18887.32
213b25e6f54661939f11710a6fddb871,SP,18839.96
c72de06d72748d1a0dfb2125be43ba63,BA,18733.18
94144541854e298c2d976cb893b81343,RS,18715.65
ef0ace09169ac090589d85746e3e036f,RJ,18538.95
2138ccb85b11a4ec1e37afbd1c8eda1f,SP,18198.99
abe42c5d03695b4257b5c6cbf4e6784e,RJ,18158.23
0adac9fbd9a2b63cccaac4f8756c1ca8,SP,18112.8
229c3efbfb0ea2058de4ccdfbc3d784a,MG,18010.99
1b4c3a6f53068f0b6944d2d005c9fc89,SC,17791.670000000002
8ae520247981aa06bc94abddf5f46d34,SC,17766.34
01fdefa7697d26ad920e9e0346d4bd1b,PR,17690.07
66922902710d126a0e7d26b0e3805106,MG,17581.07
4a3ccda38b2129705f3fb522db62ca31,SP,17561.81
d921b68bf747894be13a97ae52b0f386,MG,17403.81
5cf13accae3222c70a9cac40818ae839,MG,17402.47
d94a40fd42351c259927028d163af842,MG,17220.94
e5a38146df062edaf55c38afa99e42dc,SP,17172.510000000002
c3acdfac4e3e97ff87529454fbc03642,SP,17057.28
6d66611d7c44cc30ce351abc49a68421,SP,16854.37
2e90cb1677d35cfe24eef47d441b7c87,SP,16782.16
f9244d45189d3a3605499abddeade7d5,SP,16607.42
1f1bb1f0859883505541bdd6606193e5,SP,16562.87
3b15288545f8928d3e65a8f949a28291,SP,16513.69
6061155addc1e54b4cfb51c1c2a32ad8,SP,16513.31
669ae81880e08f269a64487cfb287169,SC,16485.2
75d34ebb1bd0bd7dde40dd507b8169c3,BA,16341.68
c847e075301870dd144a116762eaff9a,MG,16341.480000000001
a3e9a2c700480d9bb01fba070ba80a0e,SP,16323.89
a673821011d0cec28146ea42f5ab767f,SP,16224.98
8e6d7754bc7e0f22c96d255ebda59eba,SP,16212.51
cfb1a033743668a192316f3c6d1d2671,SP,16166.710000000001
a5cba26a62b8b4d0145b68b841e62e7f,PR,16120.66
6edacfd9f9074789dad6d62ba7950b9c,SP,16069.92
6039e27294dc75811c0d8a39069f52c0,SP,16047.17
1f9ab4708f3056ede07124aad39a2554,SP,16043.51
ac3508719a1d8f5b7614b798f70af136,RS,15792.230000000001
701938c450705b8ae65fc923b70f35c7,SP,15792.119999999999
05f51e13da97139648b8125c31e5f51b,MG,15788.3
530ec6109d11eaaf87999465c6afee01,PR,15640.210000000001
289cdb325fb7e7f891c38608bf9e0962,SP,15639.289999999999
b8bc237ba3788b23da09c0f1f3a3288c,SC,15621.16
c31eff8334d6b3047ed34bebd4d62c36,SP,15586.05
080199a181c46c657dc5aa235411be3b,SP,15544.880000000001
ce248b21cb2adc36282ede306b7660e5,SC,15455.2
aba1721a889e04decc910aa13b768ef4,SP,15352.47
440dd6ab244315c632130ecfb63827b1,SP,15275.380000000001
431af27f296bc6519d890aa5a05fdb11,SP,15250.85
e2a1ac9bf33e5549a2a4f834e70df2f8,SP,15200.56
c6bda72e4dbf5c5866b13cb1810c6d03,SP,15196.12
48436dade18ac8b2bce089ec2a041202,SP,15183.64
cf8ab1616079e2793aa29d524df01bb1,SP,15150.37
2e1c9f22be269ef4643f826c9e650a52,SP,15067.29
a6bd7d1ccdac48c6b33b28596b7eb122,PB,15046.63
0b35c634521043bf4b47e21547b99ab5,PR,15008.74
1ca7077d890b907f89be8c954a02686a,SP,15001.43
9e6229250fedbe05838fef417b74e7fb,SP,14986.65
00fc707aaaad2d31347cf883cd2dfe10,PR,14969.99
ef506c96320abeedfb894c34db06f478,SP,14938.34
e8b3a3a38279a82f0e5d006d5e5b7d2c,PR,14916.39
ce7d1888639e6fb06b2749cbfdac1ff7,MG,14876.54
e26901d5ab434ce92fd9b5c256820a4e,SP,14851.17
0ea22c1cfbdc755f86b9b54b39c16043,MG,14842.88
813348c996469b40f2e028d5429d3495,SP,14800.43
87b740daf17b5d1be335a64164ec6842,SP,14781.64
d50d79cb34e38265a8649c383dcffd48,SP,14740.3
f08a5b9dd6767129688d001acafc21e5,RS,14565.74
240b9776d844d37535668549a396af32,RJ,14452.65
610f72e407cdd7caaa2f8167b0163fd8,SP,14429.45
34d1ca11b242c0fee2c834ae8d788566,MG,14404.28
a7f13822ceb966b076af67121f87b063,SP,14389.6
d05ae8f7a5bd1d2a690a44cd079e4e27,RJ,14385.65
d6b1ce66b035a475f00c017792ff9769,SP,14315.880000000001
8d956fec2e4337affcb520f56fd8cbfd,SP,14302.05
95e03ca3d4146e4011985981aeb959b9,RJ,14243.5
2b1a40c1daabc6ca280c4b815c101841,MG,14175.74
cab85505710c7cb9b720bceb52b01cee,SP,14158.539999999999
80e6699fe29150b372a0c8a1ebf7dcc8,PR,14090.07
ad97a199236354e53fcd91a5a913e9a2,SC,14074.7
0be8ff43f22e456b4e0371b2245e4d01,SP,14074.19
ff063b022a9a0aab91bad2c9088760b7,SP,14061.27
7202e2ba20579a9bd1acb29e61fe71f6,SP,13916.16
8cc6a0e5738e61a87b03c78b2ba9db4b,MG,13838.22
b372ee768ed69e46ca8cdbd267aa7a38,SP,13813.84
99eaacc9e6046db1c82b163c5f84869f,SP,13784.66
e24fc9fcd865784fb25705606fe3dfe7,SP,13720.62
6cd68b3ed6d59aaa9fece558ad360c0a,MG,13718.460000000001
adbc26658d6c7b4b6219f9d934598091,PR,13692.25
c66dccfb3f109511246da627dd5a2498,SP,13682.25
c8b0e2b0a7095e5d8219575d5e7e1181,SP,13657.34
c60b801f2d52c7f7f91de00870882a75,SP,13652.89
5a8e7d5003a1f221f9e1d6e411de7c23,SP,13647.66
056b4ada5bbc2c50cc7842547dda6b51,RJ,13639.41
5d378b73ab7dd6f0418d743e5dcb0bd1,SP,13636.279999999999
6e386f64c84e482f0b9abf960797ee1b,SP,13563.66
70c27847eca8195c983ed7e798c56743,RJ,13529.18
1d8dbc4f32378d715c717c1c1fc57bae,PR,13421.05
ed4acab38528488b65a9a9c603ff024a,SP,13369.76
09f952a5f58d2285b0372551ae8f9b01,SP,13346.46
039e6ad9dae79614493083e241147386,SP,13273.42
c510bc1718f0f2961eaa42a23330681a,SP,13211.87
25e6ffe976bd75618accfe16cefcbd0d,SP,13188.28
54965bbe3e4f07ae045b90b0b8541f52,PR,13164.84
ca3bd7cd9f149df75950150d010fe4a2,SP,13128.59
8b8cfc8305aa441e4239358c9f6f2485,PR,13110.7
5058e8c1e82653974541e83690655b4a,SP,13077.93
562fc2f2c2863ab7e79a9e4388a58a14,SP,13036.48
f262cbc1c910c83959f849465454ddd3,SP,12958.14
1da3aeb70d7989d1e6d9b0e887f97c23,SP,12939.71
b499c00f28f4b7069ff6550af8c1348a,SP,12864.130000000001
b4f8921fcc4ff77b66bea6dda43dcd51,RS,12863.41
d1b65fc7debc3361ea86b5f14c68d2e2,SP,12823.32
4830e40640734fc1c52cd21127c341d4,SP,12794.88
ccb83a794700270fde70898fe9ff368b,SC,12785.73
c9c7905cffc4ef9ff9f113554423e671,SP,12766.71
fbc14c0cf93505ef89f64665ffa4a7b5,SP,12758.93
ce27a3cc3c8cc1ea79d11e561e9bebb6,SP,12726.09
f3b80352b986ab4d1057a4b724be19d0,DF,12692.73
7ea5bfa6c340f58f8e71fc1f0412b0d6,MG,12663.88
d71d863e5ef30d94e440c11be17dcd8f,SP,12655.65
72c5da29406b4234927b81855e7b64f6,SP,12652.470000000001
66e0557ecc2b4dbea057e93f215f68d8,SP,12628.42
1c129092bf23f28a5930387c980c0dfc,SP,12589.289999999999
7901646fdd36a55f564ffaf2dbccaaf7,RJ,12478.83
7040e82f899a04d1b434b795a43b4617,SP,12380.85
dd2bdf855a9172734fbc3744021ae9b9,MG,12306.73
c864036feaab8c1659f65ea4faebe1da,PR,12299.77
82e0a475a88cc9595229d8029273f045,SP,12216.4
5343d0649eca2a983820bfe93fc4d17e,SP,12194.09
33a6f4b1e7cdc205511e76ba1b6e0186,SP,12183.91
17ca9b9e9b9ef8fdb529001b49ebb50f,MG,12120.72
dd7ddc04e1b6c2c614352b383efe2d36,SP,12072.0
4e7c18b98d84e05cbae3ff0ff03846c2,SP,12053.88
c4d51195486dc781531876a7d00453d8,SP,12038.35
bba3293d6f5d5af2f415e004e8b93ae3,SP,12028.79
6973a06f484aacf400ece213dbf3d946,SP,11989.789999999999
9d5a9018aee56acb367ba9c3f05d1d6a,GO,11982.210000000001
23d7c96d4a1160db1c726b248601b25a,SP,11947.17
f80edd2c5aaa505cc4b0a3b219abf4b8,SP,11935.72
31344c16881c08a8a72c6d2eb29918c1,MG,11912.619999999999
8b28d096634035667e8263d57ba3368c,SP,11863.88
32b8764b4ef628b53608fc34011fcc13,SC,11854.42
fffd5413c0700ac820c7069d66d98c89,SP,11762.27
bd23da7354813347129d751591d1a6e2,SP,11704.82
aafe36600ce604f205b86b5084d3d767,SC,11673.2
01cf7e3d21494c41fb86034f2e714fa1,PR,11649.02
9b013e03b2ab786505a1d3b5c0756754,SP,11631.61
aaed1309374718fdd995ee4c58c9dfcd,SC,11627.77
3db66a856d18a9cba7c9241fc5221c50,MG,11522.66
9d4db00d65d7760644ac0c14edb5fd86,SP,11512.81
92eb0f42c21942b6552362b9b114707d,SP,11492.67
5656537e588803a555b8eb41f07a944b,DF,11395.42
0df3984f9dfb3d49ac6366acbd3bbb85,MG,11374.54
6c7d50c24b3ccd2fd83b44d8bb34e073,SP,11303.619999999999
cbd996ad3c1b7dc71fd0e5f5df9087e2,SP,11284.96
259f7b5e6e482c230e5bfaa670b6bb8f,SP,11265.25
81a1104df0f08b59c68aa5b03cfe398e,PR,11235.27
ea566164622c6b439516ab18062c42cd,SP,11167.98
e5a3438891c0bfdb9394643f95273d8e,SP,11073.47
1c5e4e49b9079480255b49d50aac1aa9,SP,11062.72
066a6914e1ebf3ea95a216c73a986b91,PR,11024.67
0db783cfcd3b73998abc6e10e59a102f,SP,10974.45
06532f10282704ef4c69168b914b77be,PR,10918.74
7008613ea464bad5cb9b83456e1e6a8f,SC,10804.45
18a349e75d307f4b4cc646a691ed4216,SP,10802.22
054694fa03fe82cec4b7551487331d74,SP,10703.75
624f4ece8da4aafb77699233d480f8ef,SP,10689.92
5882820ef11c4c068eea0677a7a879b4,RS,10664.81
b92e3c8f9738272ff7c59e111e108d7c,MG,10645.3
7b07b3c7487f0ea825fc6df75abd658b,SP,10641.050000000001
cb8bcce248bb1fb274ba762d8b971456,MG,10635.02
9596c870880d900012f2e8e6e30d06d7,MG,10615.33
17306570e772e7718c92a562d33f5f1d,SP,10600.63
a49928bcdf77c55c6d6e05e09a9b4ca5,SP,10574.25
7b1222c3624aa89b9558b50a2594188c,SP,10561.09
048c2757535328e0d7dac690ad3c0aae,SP,10551.06
f27e33c6d29b5138fa9967bcd445b6d5,SP,10482.25
36a968b544695394e4e9d7572688598f,SP,10467.4
0bae85eb84b9fb3bd773911e89288d54,SP,10406.4
b2ac621f0d0322434d04a12b078b9369,PR,10356.89
e96498ed8daaa3e9c23f7a62da76591c,SP,10332.19
febab0275244b9a49a623f0bd613ca2f,SP,10289.17
8e8a7ce9f2f970dc00e2acf6f6e199f6,RJ,10284.82
b1a81260566c1bac3114a6d124413f27,RS,10250.2
972d0f9cf61b499a4812cf0bfa3ad3c4,SC,10240.59
d98eec89afa3380e14463da2aabaea72,RS,10225.31
b1fc4f64df5a0e8b6913ab38803c57a9,RJ,10140.99
3c487ae8f8d7542beff5788e2e0aea83,DF,10105.35
5b8154610ebb21fb90eb587365e673df,SP,10096.720000000001
05feb94f19d094d4b0f9281f0b1d4c99,SP,10050.04
640e21a7d01df7614a3b4923e990d40c,SP,10045.12
e7df4cd29ab5abab70fb0783ddb53987,SP,10022.07
5f2684dab12e59f83bef73ae57724e45,SP,9980.720000000001
7a241947449cc45dbfda4f9d0798d9d0,MG,9933.45
6d803cb79cc31c41c4c789a75933b3c7,SP,9925.07
270297ead4c65a6cd2593960d2af6b21,SP,9881.76
2dee2ce60de9709b1a24083217181a1f,MT,9844.56
a00824eb9093d40e589b940ec45c4eb0,SP,9779.46
ebd2d60905fb58271facef5596b620d3,SP,9675.02
4371b634e0efc0e22b09b52907d9d469,SP,9645.01
6c12e40690c335dbc2f68a4134d30dc1,PR,9624.26
7d456afc660226829370f3173d14520c,SP,9607.18
06df0c10d34e459d9672bc77388742eb,PR,9595.77
db2956745b3a8e9f3785c99f34b5d25e,SP,9574.27
8a432f4e5b471f8da497d7dc517666e2,SP,9520.11
3078096983cf766a32a06257648502d1,SP,9484.23
d03698c2efd04a549382afa6623e27fb,BA,9467.77
aac29b1b99776be73c3049939652091d,MG,9465.52
33a17d60c64393351ebf1ef860f4e0f2,RS,9431.86
37515688008a7a40ac93e3b2e4ab203f,SP,9417.7
750303a20e9c56b2a6bc45cdce0b897d,GO,9394.81
6c177e38df6d3f34182b1f1d427231bf,PR,9376.53
af4a0e4cfe1d9c26b6712b1be25a72e5,MG,9351.6
fdb9095204a334cd8872252ffec6f2db,SP,9289.369999999999
609e1a9a6c2539919b8205cf7c4e6ff0,SC,9282.42
b18dc380845b24038cfc48006478f099,SP,9248.93
93dc87703c046b603023e75222018b45,MG,9206.29
4bfc7a4a1cf8d4d2121c27422d9e50b5,SP,9191.59
b4ffb71f0cb1b1c3d63fad021ecf93e1,SP,9176.07
725c32fa80c2faacc4fc88450d27314e,SP,9166.66
7722b1df1b0e383e000397b2c11e3e19,SP,9165.3
403aa86912527d730337ffcb0fb096ab,MG,9164.51
fcb5ace8bcc92f75707dc0f01a27d269,SP,9143.1
bd0389da23d89b726abf911cccc54596,DF,9128.47
ad781527c93d00d89a11eecd9dcad7c1,SP,9102.43
903037660cf848a717166eb7a06d616e,SP,9083.28
08633c14ef2db992c11f840f04fad4cd,SP,9068.82
52d76513f0c4d97f3b99570e2c94ee31,RS,9042.36
2089a6d640999f9b9141ac719b2af596,SP,9015.42
a2e874074c877c5a05abae80ad6e488f,SP,8975.8
8648b1e89e9b349e32d3741b30ec737e,SP,8946.050000000001
26d8a1c7c75d513045798992ead43aa2,PR,8945.78
6fd52c528dcb38be2eea044946b811f8,SP,8881.58
0432ead42b6c8a0bdf68154add917fdf,SP,8860.26
73a63f72308aa20a46f4b1632018f196,PR,8835.59
784ba75dd9d20200c4caed3d7a77141a,SP,8815.689999999999
257e61d3251fb5efb9daadddbc2cf7ca,PR,8806.18
5d0363b33554b373851fc1622e4d5f3c,SP,8802.97
5b925e1d006e9476d738aa200751b73b,SP,8801.84
4e17c65a516f69d023a2ae78b84f28d6,SP,8794.8
dbb9b48c841a0e39e21f98e1a6b2ec3e,SP,8768.26
b410bdd36d5db7a65dcd42b7ead933b8,GO,8733.61
989becdce12ebc39863c2bceab6f3ca1,PR,8732.89
062ce95fa2ad4dfaedfc79260130565f,RS,8721.44
8e6cc767478edae941d9bd9eb778d77a,MG,8719.57
e333046ce6517bd8bb510291d44f0130,SP,8699.32
1da366cade6d8276e7d8beea7af5d4bf,MG,8673.73
ececbfcff9804a2d6b40f589df8eef2b,SP,8661.06
397c4d0c005b6f41f90098ac724e28cb,SP,8622.37
bbf9ad41dca6603e614efcdad7aab8c4,CE,8622.26
2c9e548be18521d1c43cde1c582c6de8,SP,8603.05
3bb548e3cb7f70f28e3f11ee9dce0e59,PR,8586.81
058fd0aa2bfdb2274e05e1ae971dabb6,SP,8555.8
8a32e327fe2c1b3511609d81aaf9f042,SP,8545.39
a420f60ff1aa9acc80d0e42959f2b313,SP,8543.27
cc63f0dd2acba93ffed4fe9f8e0321fa,SP,8496.68
67883baaae6134ee81b271a542613728,SP,8496.02
52f976b17ea7f2f087f56dcc419328f6,PR,8492.65
8fb791022c1fc8909664f48ab7dc636d,SP,8483.35
d51e0a403fe2e689ece6c73359d96e12,SP,8463.02
1127b7f2594683f2510f1c2c834a486b,SP,8438.4
282f23a9769b2690c5dda22e316f9941,MG,8386.96
6bd69102ab48df500790a8cecfc285c2,SP,8359.02
381c83fdca332ea6afd896da20bf6e4a,PR,8355.01
42bde9fef835393bb8a8849cb6b7f245,DF,8341.369999999999
aced59e9b31ef866a94f9e7f29d8d418,SP,8315.8
4aba391bc3b88717ce08eb11e44937b2,BA,8300.96
c26a2be5b53b7db6b276280da212a779,RJ,8288.85
34056b8b55c1775a22af2331670a799c,SP,8229.89
6a8b085f816a1f75f92dbac6eb545f8f,SP,8196.96
e2aee0892199b1d92530e371abd825bf,PR,8177.41
dbdd0ec73a4817971d962698f2fea022,CE,8174.799999999999
6a51fc556dab5f766ced6fbc860bc613,SP,8150.87
e0a366315b1b726b6c7832d664c0f530,SP,8145.17
cee48807215b30a12ca2ca10ffb5f250,SP,8125.52
7bac63f6603d382cc8d0832eb6c100a8,SP,8114.6
8476243f92442881ddd5b578975cf115,RS,8113.03
516e7738bd8f735ac19a010ee5450d8d,RJ,8109.32
b347677812ea483b0f528eaf8cbc09b7,PR,8051.34
670c26e0f1bf8d0576271d5cfaec6d2b,PR,8035.63
d13e50eaa47b4cbe9eb81465865d8cfc,SP,8012.84
dee656f0f566ed1aa85bd137c943f08f,SP,7968.67
f84a00e60c73a49e7e851c9bdca3a5bb,RJ,7951.76
6fa9202c10491e472dffd59a3e82b2a3,SP,7939.249999999999
080102cd0a76b09e0dcf55fcacc60e05,MG,7912.71
11305281b50fff20ae8bb473f8e11876,MG,7912.6900000000005
58f1a6197ed863543e0136bdedb3fce2,MG,7903.69
688756f717c462a206ad854c5027a64a,SP,7901.45
f1fd5ab1181f827ffad998c1a5de7d74,PR,7877.96
54065e9aef7e9e9c2dc23b7594db021a,RJ,7840.71
b14db04aa7881970e83ffa9426897925,SP,7836.91
6b243f80ed07b10f0e8aa0f21a205f3c,PR,7807.400000000001
f25e239052084705e17a982bc600ab2a,SP,7785.48
d624126b9206f595fb3fbb6ba03b28a8,PR,7768.5
512d298ac2a96d1931b6bd30aa21f61d,RJ,7723.87
dd55f1bb788714a40e7954c3be6df745,SP,7701.18
376a891762bbdecbc02b4b6adec3fdda,GO,7693.63
014c0679dd340a0e338872e7ec85666a,MG,7686.31
d9bd94811c3338dceb4181f3dbc0c73e,SP,7682.11
ff1fb4c404b2efe68b03350a8dc24122,SP,7666.95
63b464dbf392c7b80d12d932fa7cafed,SP,7662.25
8c16d1f32a54d92897cc437244442e1b,SC,7595.08
54219883e72aad869adfb2a54b7bfa0f,SP,7579.55
751bdc4d83a466c7206cd42e8f426b03,SP,7577.08
31ae0774c17fabd06ff707cc5bde005f,SP,7570.67
57e632711dec9ec14ca7546769483e7e,SC,7558.04
f46490624488d3ff7ce78613913a7711,SP,7550.67
30829ded4523ab9224b93bc49a62c95f,RS,7549.71
83e197e95a1bbabc8c75e883ed016c47,RJ,7535.52
fa1a9dec3a9940c072684a46728bf1fc,SC,7515.530000000001
9616352088dcf83a7c06637f4ebf1c80,PR,7490.57
3340ef1913fb70d28420f6ceb685c339,PR,7481.55
ade45994b717ccee333492330fbf037b,PR,7479.63
679769a98cfcc6da877c8486ff1c13f3,MG,7467.39
ba143b05f0110f0dc71ad71b4466ce92,SP,7453.59
05d2173d43ea568aa0540eba70d2ca76,MG,7438.93
5b67882648febfb6e1225e6ad7164f6b,PR,7432.42
0873d9f8f36123f8d910f4760e788cfb,SP,7426.65
2a261b5b644fa05f4f2700eb93544f2c,SP,7396.7300000000005
961dff0a659b4561334372337dd897d9,RJ,7389.74
0691148aee60ca47977c187804f935ae,PR,7359.45
e5e33c0d8e7e002f398f5dc4cbbb338f,SP,7359.09
6f892e20a171e98efe17fdb971ff319b,SP,7342.860000000001
b8630e1121437d41cb08e3c749c2c2e2,RJ,7334.1
b3b17aab11f273023a5f22ca52e1eb70,PR,7325.35
40d54b51e962dbe09cabbcfd33298dee,SP,7323.25
3ade81dab5a172b88e1871c28ae05260,SP,7302.99
4c03b9dd4c11ee2cb35c96c49efc9420,SP,7302.33
87e24fc7052259b1f7f607d61c10d8be,SP,7288.25
bd4889b5e9133b35b66e42a8665cea5c,SP,7256.54
3be634553519fb6536a03e1358e9fdc7,SP,7226.65
5670f4db5b62c43d542e1b2d56b0cf7c,SP,7212.650000000001
02f623a8eb246f3c5f7c2f96462654e6,SP,7207.63
455c5640e8c5bd1b2ee85c0158f85727,SC,7186.89
ea67327e24487bdfac5fbfa37ea124df,SP,7180.280000000001
7dc8c42cc750eeafea6c85712ffee9bf,SP,7179.14
537eb890efff034a88679788b647c564,RJ,7178.9
33dd941c27854f7625b968cc6195a552,ES,7168.41
91f848e9f4be368f4318775aac733370,SP,7168.16
86bb7c4b535e49a541baf3266b1c95b1,SP,7127.26
4b5f66b7adcf57f1ecc0d3c07dd6b177,PR,7115.96
e3b4998c7a498169dc7bce44e6bb6277,SP,7114.6900000000005
e8b4225284fbb02d16f200513f1f395d,SP,7086.13
bacb1f0ed56ad24198f5810d2b3fe9a5,SP,7085.38
b19f3ca2ea475913750f25a5c37c8d8f,MG,7055.28
a63bfbaa882c8f4542891b4e2246cc7f,RJ,7036.1900000000005
67bf6941ba2f1fa1d02c375766bc3e53,PR,7029.68
33c51922b6e3c16b24a8f28e5833c99d,PR,7025.88
b2479f944e1b90cf8a5de1bbfde284d6,SP,6943.54
80ceebb4ee9b31afb6c6a916a574a1e2,PR,6922.21
e9d99831abad74458942f21e16f33f92,SP,6916.06
50c9975695009e5e6473912e83a6d1da,MG,6883.95
0bf0150d5b9d60d9cd2906003332f085,SP,6872.34
dfc5fb7259bb2b599ca565e6e9448f0f,SP,6845.9800000000005
abe021b01ba992245271b9aa422032df,PR,6837.24
b6d44737c043328708f6749c2dbe50bd,SP,6834.01
eb3071b9f0b0ddaa2df5ea130f09f26b,SP,6811.42
bba74270a87732727b5a3b4fd9ac1c39,MG,6760.4400000000005
3df020b72d3d44b3af9d110fa3940b65,SP,6749.469999999999
b4a476fbd28de64b1e347abf9089366a,SP,6735.95
f12ff17ad8bbf01ec5c33b17e506649b,SP,6728.88
ee27a8f15b1dded4d213a468ba4eb391,GO,6726.66
98dac6635aee4995d501a3972e047414,SP,6675.37
9baf5cb77970f539089d09a38bcec5c3,SP,6673.4
f181738b150df1f37cb0bd72e705b193,SP,6632.75
dfa0c4c6229ab200a4a1336b4d7128ff,SC,6544.21
94e93ce877be27a515118dbfd2c2be41,SP,6542.72
ff4ea69c2a729e83e63c7579e4ef8170,SP,6527.82
2528744c5ef5d955adc318720a94d2e7,SP,6508.7
f4c4daa86e30c7e5a553a8d518ac03a5,PR,6506.66
dbd66278cbfe1aa1000f90a217ca4695,SP,6472.77
0d85bbda9889ce1f7e63778d24f346eb,MG,6469.7
45ba18c210d42734ec52c0c1c574e9ee,SP,6452.179999999999
7d76b645482be4a332374e8223836592,SP,6431.54
23613d49c3ac2bd302259e55c06c050c,SP,6430.34
d6b664fa0667064c6d76394e7848d790,SP,6404.34
02d35243ea2e497335cd0f076b45675d,RN,6399.95
52ac6f920b7280e4c6d30dd94de6259b,PR,6383.89
fc906263ca5083d09dce42fe02247800,MG,6383.28
709e16e2b25c7474d980076c6bfc4806,SP,6378.86
e62b2d6ac10570a035a30bafcf01d263,SP,6375.47
1336efc61c316ddf92c899eb817f7cae,SP,6355.29
2fdde51ad3e12f297da656d4fbd5d0b5,SC,6354.92
04aa0a1c5ce6b222003403a3e11c3cc0,SP,6339.51
f84fa566034f5e8e880a07ec624c56af,SP,6326.7
817245bcc3badd82bbd222e0366951a6,SP,6303.08
83deb69e889cf80f82be1dc6d5f2d486,SC,6276.650000000001
b39d7fe263ef469605dbb32608aee0af,SP,6255.77
06579cb253ecd5a3a12a9e6eb6bf8f47,SP,6226.610000000001
23c38debaffe4a25a30fdbd9b586a13f,SP,6216.5599999999995
abcd2cb37d46c2c8fb1bf071c859fc5b,MT,6200.62
7e3f87d16fb353f408d467e74fbd8014,SP,6193.7
4917cee8d902e13428c3ec4b1ca6f315,SC,6178.34
afe0067131b73e40875c9b6c10bd2e21,MG,6151.59
1bb2bdb95f4841f1bba2c0d2cd83d3c9,SP,6149.2699999999995
9674754b5a0cb32b638cec001178f799,SP,6137.88
d566c37fa119d5e66c4e9052e83ee4ea,SP,6124.92
f680f85bee2d253556ac91be391d2c82,SP,6077.34
cc3d14116804f7209f3884f6367f1152,PR,6060.59
8bb48dc19fccaa8613b6229bf7f452a2,SP,6048.12
e067ad2c1c0b48758eb1b5228bcf7a68,SP,6047.91
0176f73cc1195f367f7b32db1e5b3aa8,SP,6020.110000000001
835f0f7810c76831d6c7d24c7a646d4d,SP,6006.39
c35affa65afd250151285c5917fc1c8a,SP,5993.92
0cbcee27c791afa0cdcb08587a2013a8,MG,5987.8
acce39e832338debb07b02385cde5967,MG,5923.660000000001
8b9d6eec4a7eb7d0f9d579ce0b38324d,RJ,5916.98
099095b050cfe8eb1ddff5317587e96e,SP,5909.150000000001
e06f09ec0a4aca210779cf1cfc63cf19,SP,5901.41
3ab971ce71839580d2ae5b4e40fe8044,SP,5899.05
3c7c4a49ec3c6550809089c6a2ca9370,SP,5858.3
9add47bf45ce8e8c7db6b9cf670b1e09,PR,5847.28
30a2f535bb48308f991d0b9ad4a8c4bb,SP,5815.36
916c9de0b5ad957346eeeb12f332687e,PR,5814.27
2ff97219cb8622eaf3cd89b7d9c09824,SP,5809.63
b561927807645834b59ef0d16ba55a24,SP,5807.03
bbad7e518d7af88a0897397ffdca1979,SP,5800.42
cfa5ab0e4d3fc212fd0b3410e7081c62,MG,5796.29
55d3daac7c404d59e51c2aa2f4dc5a23,SP,5790.4800000000005
f7496d659ca9fdaf323c0aae84176632,SP,5783.12
d63c73efd41eb002280e7ec831424edb,SP,5766.59
c4af86330efa7a2620772227d2d670c9,SP,5760.96
02ecc2a19303f05e59ce133fd923fff7,SP,5742.4
f789d2c4f2c2eb38fc4373e7a4b35264,MG,5733.24
1a932caad4f9d804097d7f8e615baed1,SP,5701.45
f67efa3f0b6761102a7f8c6b7b571f5d,PR,5700.55
575df70bde3f9f2b30bf8d2e9910d725,SP,5696.22
5bffbafbb22daf6d3bfc216a46db8708,RJ,5694.2
822bad9bc42b51213ba522fe87b7ab5d,SC,5687.34
582d4f8675b945722eda7c0cb61ba4c7,SP,5683.93
fcdd820084f17e9982427971e4e9d47f,SP,5665.74
3f0e48d209018b466fcd3bb4ccfeb520,PR,5654.8
fad44952713764836814be105382aee5,RJ,5636.88
2a7dc43cecabf23403078e2188437d1d,SP,5629.62
ad420dd0c4f92f8af951ac24b86d0cf5,MG,5618.4
d20b021d3efdf267a402c402a48ea64b,SP,5617.37
11bfa66332777660bd0640ee84d47006,SP,5608.54
e0878efa0e0b7e5313ac0b43bc04c081,PR,5594.91
a3f0b55de503387383c7b1de3ad7f678,PR,5577.74
cc5a78bbad32776dc4e3af205218368c,MG,5573.35
ef990a83bbea832f36ebe81376335aa8,SC,5557.24
822166ed1e47908f7cfb49946d03c726,RJ,5535.95
a4b6b9b992b46e9ef863637af96e04bc,SC,5502.84
4bf2f4ee540798a61f9636d12cd9cc80,SP,5501.01
d379f449f2a3b271bc01c0782020f705,MG,5499.8
d673a59aac7a70d8b01e6902bf090a11,SP,5499.5599999999995
834f8533b2ecb6598dd004ff3de7203a,SP,5496.3099999999995
951e8cef368f09bb3f3d03c00ca4702c,SP,5493.09
e9c6969d40e6a3d2d0f90013165c2b98,SP,5481.9800000000005
4d0041cdbe51b4617d95c70b19decc74,MG,5465.49
d66c305afaec317ebee552073a674429,MG,5464.49
0ef83d7d83ed97cd2a0049ac8be5f88a,PR,5447.81
42b729f859728f5079499127a9c2ef37,SP,5434.07
c68fb906c8f4b4b946d8386bfa6e5467,SP,5433.61
8bd0f31cf0a614c658f6763bd02dea69,SP,5423.320000000001
db4350fd57ae30082dec7acbaacc17f9,SP,5421.639999999999
891071be6ba827b591264c90c2ae8a63,SP,5416.58
a3dd39f583bc80bd8c5901c95878921e,BA,5412.16
45d33f715e24d15a6ccf5c17b3a23e3c,SP,5396.33
4c498c7345e89aebad651544829beca0,SP,5389.76
45213867cefbf2cd4c6177e10216a951,SP,5389.16
503c1de08ae81a2d86f17951b204db55,SP,5321.9
6860153b69cc696d5dcfe1cdaaafcf62,SP,5318.23
715bbd5ba4e6b74cb0d2f29eb45058b0,SP,5315.88
beadbee30901a7f61d031b6b686095ad,SP,5311.52
cac4c8e7b1ca6252d8f20b2fc1a2e4af,SP,5302.46
65febd49fd28ec955651299159b1f527,SP,5301.14
ce69a8021d18961dd2a40269b7c2c293,PR,5289.05
c12b92bf1c350f3e6bf88d3596219c86,SP,5252.84
eed78ac17f7f795a19a709745f00cd4e,SP,5195.84
99002261c568a84cce14d43fcffb43ea,MT,5188.33
0509040ea3fe50071181bbc359eb7738,MG,5183.1
d12c926d74ceff0a90a21184466ce161,SP,5159.4
232a6014e7b10cba61c6c2b2ea6bb4b0,SP,5133.27
f0b47fbbc6dee9aafe415a6e33051b3f,SP,5132.19
6fc26fe110feebd80a433e1f012a84f9,SP,5128.06
5b179e9e8cc7ab6fd113a46ca584da81,SP,5121.990000000001
1fe5540d7c1c37a595fefbacd5570d9e,RJ,5118.75
8931a84a914b3fe9b1ddaa4d704947ca,SP,5092.89
b90e891671cffd9557f33a97dc523645,PR,5081.3099999999995
5c030029b5916fed0986310385ec9009,SC,5079.9
8a130737016f838139d31878787a39c9,SP,5064.32
6ec1a01e866584bb679eb9b098345919,SP,5063.76
bccf933e006e9b94a6184af782963e77,SP,5047.21
31da954dc0855f2495c6310f70a2f931,SP,5032.71
99a54764c341d5dc80b4a8fac4eba3fb,SP,5026.26
15aac934c58d886785ac1b17953ea898,ES,5019.6
37dd29b36c458d82f74a953c40c43645,SP,5016.43
8f580d36c1e9d6fbce95283403c7d447,SP,4993.4
e81e1f9c3e762e620f3fb60a51499e16,SC,4979.49
382229d1e840115ffe3dbf5ff460e417,RJ,4966.62
827f8f69dfa529c561901c4f2e0f332f,PR,4961.54
6b3bd31ad8fcda4b2635ec9f3ff2ecdf,RJ,4955.92
0307f7565ff85b299b6e5ef162b1b1a9,SP,4941.03
fde0cc9ea29c8ccfc0a2c22256a58c71,PR,4921.27
3c03b12bab54d8b37d79d914bfdb1aa0,RJ,4919.7699999999995
1b938a7ec6ac5061a66a3766e0e75f90,SP,4897.83
cb41bfbcbda0aea354a834ab222f9a59,SP,4888.68
c840d3fdbba0790404fdae73d253b253,PR,4881.93
b76dba6c951ab00dc4edf0a1aa88037e,SP,4881.88
ec8879960bd2221d5c32f8e12f7da711,SP,4881.38
968268a686aa05d1f529fb07dff08130,SP,4880.84
2addf05f476d0637864454e93ba673d5,DF,4877.64
f6122bc84774df1b372bdb3bb88ddb9f,SP,4874.360000000001
55a5b51f93f2b70ea513f5a047b0262a,MG,4849.38
f3da5b2ff499efb8d4a6d371d175d7dd,SP,4826.86
6288c69c4ce638e59925e59193f98b16,SP,4812.4800000000005
43f8c9950d11ecd03a0304a49e010da6,SP,4807.22
9803a40e82e45418ab7fb84091af5231,GO,4791.38
e49c26c3edfa46d227d5121a6b6e4d37,PE,4765.66
520b493b57809f446cb0a233bb3e25c7,SP,4762.87
cd6efc47efaabf134f8bdb654e10b4f1,RJ,4757.16
13d058e4eeac2ce8217660b2f8a05812,SP,4755.88
f76a3b1349b6df1ee875d1f3fa4340f0,SP,4748.98
95f83f51203c626648c875dd41874c7f,MG,4730.5
3f3486b61f45078d4f31ee5e43d8c5bb,SP,4726.57
180c3376aff0e43dd5788709df48a843,SP,4722.97
81f89e42267213cb94da7ddc301651da,SP,4721.18
13fa2a6c6b9d0f43cb588d7c82117a12,SP,4719.44
8f119a0aee85c0c8fc534629734e94fd,SP,4718.6
602044f2c16190c2c6e45eb35c2e21cb,SP,4677.44
1eade46fba20122dc4aefb379f8c636b,SP,4673.71
f97e2b0650c2068227e1d366140eb62f,SP,4665.98
c500367424994318b9e779ff1ae9a330,SP,4658.39
8cbac7e12637ed9cffa18c7875207478,SC,4654.35
bf3c6d2a28b2b5501e6c15448982dcc9,SP,4648.150000000001
6a0cbc8af2e8abd1bdfb777943d174c6,SP,4639.42
3f995f07c49d0d55a99d5c54957f7d81,SP,4627.2
406822777a0b9eb5c50e442dd4cd3ec5,SP,4596.34
d5ba419e26d246a0719437cf37d9b46d,SP,4581.51
681fce914360217db47784ae28905a96,PR,4571.8
271c58a1d139c45eaf3316107c6d3a3b,SP,4568.71
9df5750209b83567ec144eb299d7d634,RS,4564.74
8ed8ea9a57c862f2c18c2fe41f601d56,SC,4562.97
6b333a05bf188ef3e1f1662a86bd9855,DF,4554.88
e883aa812c37a7413226856f4579fe91,SP,4554.46
238fac594e170b59c6d228f5a4f4f1d9,SP,4545.5199999999995
3361277dc30b7cccdb0c286b24219756,PR,4540.9
f021c962aaba8ef6eb527a9c2c8394d1,SC,4533.87
1fdc574883ef3b33ad41562d93f3a74a,SP,4524.27
4559697a8f7e637227c2eeaed843baff,SP,4474.27
7f152321c60a266edc53af1925ef96c1,SC,4471.92
f00e21b1e91a79653163b7fd8f293ff1,SP,4471.06
282c7480173bb9c01dd41cc739fec010,SP,4466.3099999999995
02f5837340d7eb4f653d676c7256523a,PR,4463.88
66dc1b1632bd6a3e508510c5b3492107,SP,4449.26
14d7985702e72162bbf13b6beb74ab2b,SP,4441.0
870d0118f7a9d85960f29ad89d5d989a,MG,4428.03
f4aba7c0bca51484c30ab7bdc34bcdd1,SP,4424.08
6bb0724edf0b62fb91ac404873a97241,SP,4416.52
1b8356dabde1d35e17cef975c3f82730,SP,4413.61
070d165398b553f3b4b851c216b8a358,SP,4396.75
3d8fa2f5b647373c8620330c4e077a9f,SP,4390.549999999999
79ed755314cfe6df0daef2c6cd3022cd,SP,4366.66
edf96ef93ed595084bbcbd9224bd2894,SP,4365.78
96804ea39d96eb908e7c3afdb671bb9e,MG,4365.76
2745f798279e0ed033addcc1474776d7,SP,4364.99
42fa4ee7240e9b8eb4576358ec142ba7,RS,4364.47
3c4e0452bff7a2a788179488d3d77032,PR,4352.52
9b1585752613ec342d03bbab9997ec48,RJ,4349.04
ed4311e67debd72b8610a5347a743087,SP,4342.81
6481e96574816ead57975da2c0f6d80d,SP,4340.86
8b2492b7ff4468839593fafeed55bad9,RJ,4336.26
b17b679f4f5ce2e03ce6968c62648246,SP,4329.93
276677b5d08786d5dce7c2149dcce48b,MG,4320.639999999999
4c18691b6037662be2df78a765d98ab5,SP,4316.51
2e13c71026e1a39ba5cc1b86dcb679aa,SP,4310.21
2199e7fe213c16213bf5d6a7eadc9a5d,SP,4309.1
23a0ffca143a15b9b5bbdb7d552f626a,SP,4304.28
8c3b533c63cca56240f94f1e3a6b18ef,MG,4301.7699999999995
8090490573c6c0aa343a7231ebcb8c86,SP,4298.03
a44fb5a447105f8469bdf16bf9159f25,RS,4292.71
c731d18cea9bf687ffee82a241c25b11,SC,4272.65
38e679b9e0064cd94c6f035707344dae,PR,4270.92
a0415d9b25ede3c4b1e477e9916ffc03,RJ,4247.98
56642bcb79900e777d68e91915cb4267,SP,4240.11
5f5b43b2bffa8656e4bc6efeb13cc649,SP,4232.65
2d2c62bef4c8ba0dd74e0e228e808539,SP,4230.4800000000005
c9a06ece156bb057372c68718ec8909b,DF,4223.22
e7d5b006eb624f13074497221eb37807,SP,4220.42
f35b3c613c4f7b2275f4185d0a3c59ec,SP,4214.29
643214e62b870443ccbe55ab29a4dccf,SP,4199.78
2a167ca73899c85001a837d8fb4962f6,SP,4197.62
08cdbae123ff67ca4e36d9d641ce0119,MG,4195.46
bede56095ba33c42038fb85f707b8a42,SP,4184.77
21e83881401b92b49fb09a16d3852291,MG,4182.53
5d3bb11474a06bdc23fb9e89f1164ee0,SP,4178.82
3bdff180c7e1f6551a643b99c265a120,SP,4161.86
71039d19d4303bf9054d69e9a9236699,SP,4158.65
e70053bf73d1b5863932e53a9fa47496,SP,4158.58
df560393f3a51e74553ab94004ba5c87,PR,4155.82
9646c3513289980f17226a2fc4720dbd,SP,4152.23
2d50d6282f8aa2257819a77bfaa0efe0,SP,4151.5199999999995
33ac3e28642ab8bda860a2f693000e78,SP,4151.12
594f9aaa48e5bf431f011ddc5669b0d5,MG,4136.41
5d9dc90a686a8fddacffab6bab5653a3,SP,4131.27
d57e18d5f73c7ccb7f7339b61166898d,SP,4111.19
c0563dd588b775f2e37747ef6ad6c92c,SP,4094.6800000000003
77e4abfd739aed9c46480f90f81c0eb4,DF,4092.21
1838dd9b8977065acf51d95e0053ea7a,MG,4075.88
6b90f847357d8981edd79a1eb1bf0acb,SP,4059.73
cfd7ddab722b902f7ac5b5f3ba6d723d,MG,4058.11
f0837c8d71434931d9e38e7b79234797,RS,4049.36
994f04b3718c2bab35c2adfa8afecd2a,SP,4044.45
a2b5b6105ea5942300631d2e76f4ffe0,SP,4009.34
3c010235b7345c92f125d14ee232a76b,PR,4005.32
7f2617c58d5d06806987308b45654351,SP,3983.2700000000004
dd533b429f380718b70ad9922c294bae,SP,3970.98
4da0e408c99d2fdc2126dc9fce518060,PR,3964.73
b1ac6ea7895bc3dd6f0f6f4abbdd2821,RS,3964.33
eb4df17aed01d918c65f0f8d650900c0,SP,3925.46
f7ccf836d21b2fb1de37564105216cc1,SP,3910.44
f4db9b37944bcb8873e6b456ee190bbf,SP,3909.94
e8f6dc8e6a1dcde89d20e3995c8d90b3,SP,3898.98
ec80e49e69745ab6c14f984bf2149423,SP,3897.31
c9aafcd0621b2207c10e32c649cada4d,SP,3885.9
1d0997ff06b524ce9289ffd75114ecd3,PE,3873.57
0c7533c71df861ec58ad7ff999ed0e8d,SP,3863.51
960945e1a9535cbc0cd6ddd35fbe7ae8,SP,3861.53
8ff38bc3969e67c36c48343a07090f66,SP,3859.56
aae3bfea055532c57fb453ed3ec80b30,SP,3857.17
3364a91ec4d56c98e44174de954b94f6,RO,3853.8500000000004
3b872fd4747f01cc56206f2934198618,SP,3843.11
4677a5437afda5fa7140b927b07be1cc,PR,3835.7
e48b04bf1aa1ef711caebeb7aede6180,PR,3832.73
218f991754f360af9c2daa5e0b8e990c,SP,3819.54
f326006815956455b2859abd58fe7e39,SP,3813.18
5f1dc28029d2c244352a68107ec2b542,SP,3803.46
c8b3445d737de6befde0c88ede534a5e,SP,3800.79
244c2f1bff6afe1f2eaf9bfe9b2aed38,SP,3794.87
977f9f63dd360c2a32ece2f93ad6d306,SP,3793.8500000000004
a938325a4b357fd23a6a4d5bb126408e,RJ,3791.81
432c37c9dfba871172ec162e20118b8c,DF,3782.12
a17f621c590ea0fab3d5d883e1630ec6,SP,3772.27
f2336e113377dd21c744d9c4fc8293a9,SP,3762.08
54c04bdb5ec46762f8f08c7e8f86ed4a,SC,3757.7799999999997
5bc24d989e71e93c33e50a7782431b0e,MG,3736.53
b1fecf4da1fa2689bccffa0121953643,MS,3719.88
52562a9f449c3dc3d53f5f5b9ed74903,RN,3710.64
bce6a5ecf98e99fd2a8868b15c51f04b,SP,3706.5
cb3dd9ce66268c7a3ca7241ac70ab58c,SP,3704.92
430315b7bb4b6e4b3c978f9dfa9b0558,SP,3704.63
cb5df0dcb9e280b1780e9d589889f2c7,SP,3689.21
ed46f1eb4a638113deb2a1137b5f22e9,SC,3686.6800000000003
5c6d4016c2a288f074fa0848a2b653d2,SP,3673.17
0ebd97a106433a45a4aebe57c1799778,MG,3661.6800000000003
a6fe7de3d16f6149ffe280349a8535a0,SP,3647.4199999999996
e89c4adbe7b1d0819dbb636e16461cf1,SP,3636.15
318f287a62ab7ac10b703ac37435a231,SP,3634.6
cce6ab8d1682639fe45ab70234f1665f,SP,3633.67
b8555308bfdb4ca1ed54325a58da9a97,SP,3630.03
c64a2aec32cc408a8a4c6d7c46017f91,RS,3628.17
6750d71153f00fc58829af2a8ef1bcf1,RJ,3626.5
d93919c944be9cff128f6c9cb899eacb,SP,3624.01
244b04680fdbded0acf5aebd9c92b44a,SP,3616.51
c394e193cda3b4225ff2094d32184849,SP,3611.44
585175ec331ea177fa47199e39a6170a,MG,3602.47
ae7ab174effdead6c241e547e4ca13f0,PR,3574.06
2a1348e9addc1af5aaa619b1a3679d6b,MG,3566.27
974cf2cb8f4b7add98709c30df02fe10,SP,3559.68
20d83f3ef0e6925fd74bfd59170babf7,SP,3557.21
d17f467e4bf608a510c20d82f4ba3b6b,RS,3556.55
5b51032eddd242adc84c38acab88f23d,MG,3548.95
aeb36d67f1414f234d42a29e27cf1f17,SP,3548.1
f593898ec748b7a8cb81fc04edafd98a,SP,3541.12
8d79c8a04e42d722a75097ce5cbcf2ef,CE,3535.1600000000003
bb7a14e229b1c95156719c3d9552eeee,RJ,3519.45
f61c63d13f7cd800549d5acdd390ae72,SP,3501.69
afa6714acee029b2dfdf357e5579cc03,SP,3468.67
1771297ac436903d1dd6b0e9279aa505,SP,3466.4300000000003
fce62094ffe6a4009188ec44e681dfdd,SP,3452.63
2156f2671501a81034d7d07f217609d0,SP,3433.89
55f7a3319d80f7fdf078b8f03e6725fe,SP,3420.4500000000003
f7720c4fa8e3aba4546301ab80ea1f1b,PR,3418.9700000000003
1ce3ae5a399804d1a87e706f8a813c3e,SC,3416.69
bd697db56ff8e7c9cd1abeb7f72029b2,SP,3415.2000000000003
a1474fd46fd3430168f7ec202da39408,SP,3413.52
5bc55dbe2f12b6af6d83ed46023e0dc8,MG,3409.38
5cbbd5a299cab112b7bf23862255e43e,PR,3385.21
49e7217cfe4e427191c378ec626d8737,MG,3378.31
38874e327ce94d11390b96eb42d61928,SP,3375.21
d25aa0aaacb370e912f8cf6efeba38b3,SC,3373.13
e99e927c81e3f51739c94fcdfca9f10f,MG,3360.4700000000003
5b35136197710e16ac5e7b7c2bd4ea85,RJ,3350.29
3fd1e727ba94cfe122d165e176ce7967,SP,3343.42
31561f325664a8a7aba4c8d0c3a9b3db,SP,3329.36
fd386aa7bed2af3c7035c65506c9b4a3,SP,3316.17
4305fe92735c8a43d154ff6dd2b8d927,MG,3314.25
33576ec5412fb5905d876f12f33bfde6,PR,3287.98
cd06602b43d8800bd0afad514919d35c,SP,3287.85
51702dc2a3e106c76dbff722b5bf0726,SP,3287.04
efcd8d2104f1a05d028af7bad20d974b,SP,3280.19
730937bf88cb151eb2eb849f642fc213,SP,3277.17
b494891378bd8f4560abe576c52deacd,SP,3270.82
df56d7b40d437f88407c5f78b63bc328,PR,3251.5
b335c59ab742f751a85db9c411a86739,MG,3250.78
2e3be8a987a30d7544dbbda6861cc14e,MG,3249.83
60562ab00b8054280520d390c8c0045c,SP,3247.09
d9e8c084b68fe958861d8f2c21202e6b,SP,3231.86
d93844a9c55ba7ce353388bcf849ea56,PR,3229.52
3cfa1358a6caa965278721344c8d76f2,SP,3221.5299999999997
850913d59ce317156b00f3705f1c3edb,SP,3220.9300000000003
4992e76a42cb3aad7a7047e0d3d7e729,SP,3218.5699999999997
4c8545742faaf58fafd5fd14d25d75cf,SP,3216.31
a369d693961cb93b61ca2cc518872a85,SP,3213.79
8ab42aa58097fd4668d60cc648225d5f,GO,3210.39
6338ea67c41078a46ad99cc009654956,RS,3210.39
ffa6adafb71b807dc13159e26431354c,PR,3206.98
fec6275253471ace26d209bbaa64cd0f,RJ,3195.67
f44b6f775a2b390380e0e30b5c9d3eee,SP,3188.24
1996942dc085d7773ba77a529b163cd0,SP,3183.43
be9a160a9011f627c3e121d076c1ec7b,SC,3182.52
ede0c03645598cdfc63ca8237acbe73d,SP,3175.1
4342d4b2ba6b161468c63a7e7cfce593,RJ,3163.31
0885aaf116795758dfeb5f1032487bcd,SP,3162.32
612a743d294c27884fb7b80d2b19ba35,PR,3162.15
56e361f411e38dcef17cdc2a3d99628b,SP,3155.76
1987cd4be10fe09ee50454f9c354d1c6,MG,3135.23
8f54d64f28a993550aa7943f12572959,MG,3133.12
157c3e4b42f81ac4a44e8b1ca2fe9876,SP,3131.82
9906e7aa42a3c067b7c9a564d01c4320,PR,3115.6000000000004
13074f016982ff2bd6c58ced8682f000,RS,3111.7000000000003
9c068d10aca38e85c50202e17b4a7e88,MS,3108.83
d32e3909cfb714fb2a6cb092c85b9c5f,SP,3078.8999999999996
820cc752a266cdc6c1a1e61dd4583330,PR,3078.77
b1204cfda1d4948679db3cfc0d3cb95c,SP,3078.15
78744a20ee2f80ba64f6804c25def2b8,PE,3068.85
d3dcf0604eabf0224fbd5948b5e02f69,SP,3067.4100000000003
082e0bf4cb865a6533b1e8e498cc0255,SP,3064.33
b74d1c09cb380e1d03a6f859c6f4224b,RJ,3053.2
ccf8813e5a7d6c84d865cd38bfc2b130,SP,3051.29
f125f3a310c2e5f822d116147de1e474,SP,3049.29
3504c0cb71d7fa48d967e0e4c94d59d9,SP,3037.31
5a93f3ab0ef4c84ed5e1b5dbf23978bc,SP,3035.39
0bb738e4d789e63e2267697c42d35a2d,SP,3030.6400000000003
1d4587203296c8f4ad134dc286fa6db0,SP,3027.54
dd58ee93286b0821565574c570e9e1dc,PR,3023.31
f214d28e8d8e3ef068748498ccc2f813,SP,3021.52
606ce7768feac12c5e8bd58db8b08f0f,SP,3018.8599999999997
e908c0f3646e8b60375734a350d95d71,SP,3009.53
6f229cc508fc6915ed5c499efd93baa4,RJ,2988.68
5abb8ea023c77787f2c15da891c8d384,SC,2987.2
f805b96fa705ba7995a221f1749dc141,PR,2986.87
fe26f3ecb51a15e6d8335cd92da42562,SP,2971.55
052577151711aec5c744fe12e66db3e1,SC,2970.42
d3f39f05462b79a4562d35893a28f159,SP,2968.77
47efca563408aae19bb7206c2d969ea9,PI,2965.32
f1b93673502375d491780bb49d615dbc,SP,2959.28
cac876b37d3abcd6bd76caca30277996,PR,2958.79
323ce52b5b81df2cd804b017b7f09aa7,SP,2955.67
4b0fdb526525f9890eb145bf1534640e,SP,2954.21
116ccb1a1604bc88e4d234a8c23f33de,SP,2948.33
888faa8bfb0b159c37de6d898b961c31,SC,2945.0
daeb5653dd96c1b11860f72209795012,MG,2938.06
bc302730ea8cf49b5c74f579febb5bbf,SP,2930.17
655220df33262c7e0c4949a147366f94,SP,2926.53
04aba03279157f6d4e0fe8ccaf21963c,RJ,2922.33
2c4c47cb51acd5ea5db5e0ae0e26542a,SP,2917.37
c4f7fee5b0db50e87766f5a4d1b1b758,SP,2914.72
0725b8c0f3f906e58f70cbe76b7c748c,SP,2905.99
41ab63a91b8b264e8c8780368bf1dd5b,MG,2874.22
3a734b715d333a2588a3d54a0c9b8746,SP,2859.16
8a87611c08849ffeeccab52aa798b6c7,PR,2855.12
fdaaf5bfda82b7b80535610c831b8d09,SP,2848.32
bb5bd94c8f59cc050072d2930c869cac,SP,2846.64
8603f0038fe0e52fedd3382d266723de,SC,2845.12
1c40343cc5d18c2d8248ac2f3366de34,SP,2839.42
5160d23075764e18e07c1f4a87fad743,SP,2837.64
7fc87cc3e89b3d1d5cabdca32f8485aa,SP,2835.82
7238a95bb63ef7e498389fb863b834a1,SP,2835.1099999999997
cea729054f157f5870bdd321a958d994,SP,2831.62
0ed6ce5d87fd9c69eaacaeb778d67235,SP,2829.25
c013e57c075a06e5b5c48ee03c525719,SP,2828.66
ffdd9f82b9a447f6f8d4b91554cc7dd3,PR,2828.66
e9511df20ccd82658a30c37b7fb343af,SP,2823.1
458d868c9642f55f18f04e951a3fdde6,RS,2822.75
1444c08e64d55fb3c25f0f09c07ffcf2,BA,2818.74
6989574bd97d9773f10d232b6c07da59,PR,2799.5
62c50c1af4dfdc4149d25c5222043d39,SP,2794.4900000000002
1b7e5006cb25dd23ce8686691013b121,SP,2785.96
14a08204d03bb6b6bde8029f801ae0eb,SP,2779.1
729b2d09b2a0bdab221076327f13d050,SP,2768.66
0015a82c2db000af6aaaf3ae2ecb0532,SP,2748.06
0ffa40d54288e4f3499b8780dd0f144f,SP,2746.4700000000003
8f78f0903005064036736c7173a5c2ed,MG,2745.95
b56906f7fd1696e043f1bcce164c487b,SP,2741.21
e38db885400cd35c71dfd162f2c1dbcf,DF,2737.55
6df688df543f90e9b38f4319e75a9d88,MG,2733.56
5eeb9c756d9780b96283e5a2ac6da334,SP,2718.74
4e8dacf3d38f281ae26c3e0321d92d88,SP,2716.81
df91910b6a03bb2e3358fa6a35e32f6f,SP,2707.12
c2d70ce2c5d0a2eb75e78668236e6dc8,SP,2699.92
de0c78824586e9a5f5f04fd84e25df39,SP,2697.83
4978a02ea9c8be7a9b5480680f40334e,SP,2696.8399999999997
78c99c6dff4eeae5be99bf635ed21e3f,SP,2695.77
1354d51653f645349064725ed204e85e,SP,2694.72
fe49ee029e61e789a1f3a5525f57ba8d,SP,2691.1499999999996
fb89df7f89fd1b8f03fa2acca1ba7364,PR,2687.43
cfe94489ddd337d1e29e12f2a7205d10,SP,2672.8199999999997
a08692680c77d30a0b4280da5df01c5a,SP,2660.91
acadd4d36859671cb635527c6c977533,SP,2646.94
6bbcb8924baf70b7fe2fe2097e8cd407,SC,2646.8300000000004
d06d019f72a04e5497a0b64190af170c,SP,2641.44
9a84ba99f5367fdbd4598363496f1ea2,GO,2638.45
fa74b2f3287d296e9fbd2cc80f2d1cf1,SP,2635.6800000000003
3d39fbf22a665714baf62fae36029e23,SP,2634.83
4d600e08ecbe08258c79e536c5a42fee,PR,2634.43
76833248bbc0e65a0293ec62023e4396,SP,2630.6800000000003
7f7b8245c336066a1f9933c359f11d77,SP,2630.23
7b8e8ec35bad4b0ef7e3963650b0a87b,SC,2616.3
c6381d2d013342748761e906d45aff76,RS,2614.26
77a515caa36327151d1cc6c32a9f00e1,SP,2613.58
cd843d4cf8ef32827de0396605163ba3,MG,2612.56
34f563c82a85b99ae9e6d60db5fc2e28,RS,2578.5
412a4720f3e9431b4afa1476a1acddbe,SP,2569.16
b83cedfb587e7911540e3f576d6917ce,SP,2568.75
723cd880edaacdb998898b67c8f9da30,SP,2549.63
91f0eec23d4a61d7d7caeefa3f0ad1ca,SC,2545.26
cf2384dd2f1dddea3f838efed0945e65,SP,2534.94
9bcdfa7b615b3abb9461d9e3ad9886ae,SC,2523.79
120476eb7a04c149d14772edaf5d9bf2,RJ,2519.63
dc8798cbf453b7e0f98745e396cc5616,SP,2518.43
f1c1ac3f3efc07e659c035008e615e66,SP,2509.6800000000003
e6a69c4a27dfdd98ffe5aa757ad744bc,SP,2504.02
30c7f28fd3a5897b2c82d152bb760c17,RJ,2503.16
0417b067eeab773d2f7061a726dc477f,SC,2501.75
17908cf9b444ee34047cadd5c0f4a516,GO,2495.41
1b1ae47a313a825a7ccceb8e2e30fa9d,PR,2490.4
165b1235e9e9942cb5fae67103576fb0,SP,2489.8
4391ea5c5990502176a1dcda44a2373d,RS,2484.3
2be17df1c49978426251562096c3cc09,SC,2477.55
bf84056e679dbe9c69929847a40e338f,SP,2477.32
53d00c40e32aeb924a84ce72b1af869d,SP,2462.07
8fe8786ee000001ab51d030dfd4a7bf1,SC,2456.44
c004e5ea15737026cecaee0447e00b75,SP,2455.12
3e8bd881d92466e63ba9e3e809cd3c50,RJ,2450.25
e5475dcab1e07b63d7f6e902d8f5eda8,SP,2443.22
8ca1551acf9832a4cf467bbbac15851f,PR,2442.94
c8467937e403e76a8ee9f0ab13f6f5ef,MG,2442.74
6b536a23086fba0d58c08d68814397f6,RJ,2437.9700000000003
373ee4a3a775a733770ca3f790b8b9ac,RJ,2431.81
f615fe7efbef0f4f08fd3086bc7a3e60,SP,2431.08
07bf9669d84d1f11be443a9dd938f698,SP,2422.22
93b9a99027bd8bd6af682aff18dd19bf,SP,2420.11
9dda5bbacd45e18d6485fee649205d09,MG,2419.33
6aa3928696eab49a19a466e665a649fd,RJ,2410.68
72bc2cce903c872fe376a8faaa81d237,SP,2404.97
3481aa57cd91f9f9d3fa1fa12d9a3bf7,SP,2394.16
abbf6046bbdf1028606a5bc7f00c99e7,SC,2393.14
55bb6fe5bebe5012e2d7d9928e1128ff,SP,2393.02
54583ab379489add547fe47b628db589,SP,2391.08
5debea795b07621e1f90532e18f96145,PR,2388.13
82bd0703a4aefd6b599e5bfdaed378fb,SP,2386.9
6a38087bc8ad4f89ff453561005f6dea,GO,2381.35
3a1a1fec38dd360f15fc912e821e169d,SP,2378.63
272f092de69afedd4d2969440b37f18f,SP,2374.46
d97df38225e5abadaff1e72cb72b823c,SP,2362.92
25cf099de44674fde97473224f9d59ab,SP,2359.55
e5f9e61ceb5f523cc966e0f34095032f,SC,2353.44
3586b8580d9c917874e053a1bb37b5ff,SP,2352.35
87d30a6a0cbf89356e49324971ab1d24,SP,2349.91
747e73c01a4593d4cf60dcf970fd2689,PE,2341.76
7ade73f1b9b4e965f9009a4c3a7e2c15,SP,2338.17
bf100ecb7997df312b285358fb32f92c,PR,2337.01
65b081a070633e057c462abdd6fb9dd8,GO,2326.67
8bdd8e3fd58bafa48af76b2c5fd71974,SP,2314.2200000000003
4e5725ba188db8252977a4f0227bd462,SP,2313.2
95ec4458365c4d11f452ccf538377619,SP,2303.43
ea65d8b58316a6f2362f2a9e4b3e86ad,SP,2292.22
f5f2ab9bdb6b30c14c61be68c5ed37da,SP,2290.29
f41ce2e25237f9092cd8e6e7516c7a2f,SP,2290.0
7fdb0720c8d7c9075538b365dc8c3a22,PR,2288.31
1dc2de47ee26a0a5b12dc14fd6dc0dea,SP,2287.5
e2c92f9c1c7746d899d18f2e158bbff7,SP,2286.61
bc2ac6b95e1accce9858528ee566c17e,SP,2279.56
4c8b8048e33af2bf94f2eb547746a916,SP,2267.88
2a6fbeaa7ab9e5d59a35841a8da71ce4,SC,2265.28
ffeee66ac5d5a62fe688b9d26f83f534,SP,2259.55
c8417879a15366a17c30af34c798c332,SP,2255.44
e24d3429d294b2eb200b064ebb035879,SP,2250.7
7139dc5186aa238b006e066d8fbab2e4,SP,2247.93
f63d8f293af3a6454377546bd9dd19ff,SP,2246.95
5b33b527da3c5b969cc99dc435cad09a,PR,2238.34
3ca08eeb8d5595949fed424bd3677742,PR,2235.1
d6ab728cf30867cf3f1a2e216ae2f9b7,SP,2233.82
dfc475d54e1b6dbeeb7d7d9bdaa63827,PR,2228.07
9449f25aeaf531019b76999ea49a6949,RJ,2225.84
198c7ea11960a9844b544d9bcdca860c,MG,2225.38
adcf50477d6a1f5d91bb9d54c4903cb5,MG,2223.8
fac1a9017ade7bdc94058fc1c969f355,SP,2222.91
3bfba5a77604f6dfae7e6dd7aaf65821,PR,2218.19
1782ce2db72c3dda627d5e7c898104e1,SP,2218.17
2f09f7d37a97956d11cc1a7cadd5262b,SP,2215.7999999999997
5b581417df4480f632484ba681e53944,SC,2214.01
c679fb69a36e1d8349e8c50a217b4d58,RS,2213.89
3d2531eccfbde1d7c8db7a3a12fb267a,MG,2212.6
1690cada046eb7e92c12f98b1f8a8167,SP,2211.38
5075aaa8404020ae6aa8bf4792099b41,MG,2201.32
71592660bbcb6a4664e97b6f8b68babc,SP,2200.5499999999997
731ef20c231d9a7103a425e83fd91271,SC,2197.6
1976a05ecf2996d6ffb7b5430e635fe7,SP,2190.66
15cd6eefe58588619aaed41dfa6621b1,MG,2188.86
411f3b52d857390502ee4e4d5ceabc2d,SP,2182.7200000000003
a36b125ac6d5fdbc7f50de85c9157bdc,SP,2171.61
822b63912576852aea9a8436d72317b7,SP,2162.79
a5a1bfcf728ab0e19182959cf0771ee4,SP,2160.85
d9a84e1403de8da0c3aa531d6d108ba6,SP,2157.34
8de8fe3af4449ed695d2434c933ed73e,SP,2155.35
112453736dbe3889cfb74e1aaa0ba0c1,SP,2154.77
d1ef48b38baca7e831711c4a0aeb398f,PR,2144.69
5ab05b6d86d417796c69ffd6774ec832,SP,2142.85
9b00ed88b7fdb95d6ff76e27c1b52d16,SP,2135.68
1dfe5347016252a7884b694d4f10f5c4,SP,2129.73
c4fb51fb1c5b7c07bc5e67be6e7e8f6e,PR,2126.61
91f5779a8731baca4809fdeade81803f,RJ,2117.09
f5f1f2c5f923f36ad79ea1d07185ddc9,SP,2115.83
058cb5aeb36d7c0fcae20fc85d5e0a59,RJ,2107.42
d3674f271c91f824f82d24d92011f669,DF,2101.82
f9903dd0f812c7e771fcad47b6fff231,SC,2101.48
3935fe5fe0f82787a9dcb8deb62be09d,SP,2101.35
5b85809efd0d0e4dea1a9544e1280ed9,SP,2097.36
013900e863eace745d3ec7614cab5b1a,PR,2089.37
ffc470761de7d0232558ba5e786e57b7,SP,2087.13
74bafed391319577bce6f4d2acc0589a,SP,2084.73
c5f7feb04a6a1fb3596322bfc3cf1917,SP,2058.46
1b8b75e227c9a9c100d0c210fb6176ce,SP,2055.9
7ecd59e5e20407131822c1a68ac59c1f,DF,2054.52
845e8036c3f7bf62099352f5ed910240,RJ,2045.24
b2a6d334e2833acea353624840e25a0e,SP,2038.5900000000001
3785b653b1b82de85ab47dd139938091,PR,2033.27
75fbb52eda0cbc24f479d3b2fbfa8d3e,GO,2028.98
8ec76bb0965af3f007692b26fa9d6623,SC,2028.75
002100f778ceb8431b7a1020ff7ab48f,SP,2028.16
a70e9066dbfd10b6b97a3f54a1356762,PR,2027.4
656591be56071d4c9ef4e5fee78a578a,SP,2021.2
293dee954235e4e4e43f129313625ebe,DF,2019.22
901b460cdce0c64e471230d7f2f9f3a3,RS,2012.56
392e0502231ae2f8b29994ef6398cd77,SP,2010.07
f1ed6bd0a9b11b581f16c851c6a5a527,RS,1996.5800000000002
7586919161935337bf6b6d7ff5779648,RJ,1994.93
5b0cc932433fa5184b5b94bfe6bcc256,SP,1994.0900000000001
3092c0b297aacfb4bb6e056ebe13b9b8,SP,1983.99
15fa791d5e017f66402dc28c44480657,SP,1983.29
e63e8bfa530fb16910dd6956e592bb81,SP,1979.1699999999998
094ced053e257ae8cae57205592d6712,SP,1978.23
ca4b77513ac2040591b0d8fae6958380,SP,1973.6200000000001
406740ee611378a662d274c7d8c43c4a,ES,1972.08
2a61c271b1ac763450d846849783e922,SP,1969.04
c3e1abd72a42fe690fcd89cf5720fe29,SP,1967.58
dd4d95ba2d15c071e6c695e2ef6ce169,ES,1962.41
a4bd6e9adf39b63f43dc545d3ca1f53d,RJ,1960.97
52f0fe436a347ddad7ed5f9aa4e27eaa,SP,1960.9
8378eb36b6b70c5734e83ad7b8cdc3b7,SC,1956.67
2ff6b7bff164ef05590a52734e1296da,PR,1955.12
fa3a0b5aabb344b9a92e3524b0202123,SP,1953.4099999999999
df0f42bc4c2142eacf0eaf2cffd0cfbb,SC,1946.45
d5b9a084373da994a6e37f732169a853,SP,1945.29
0b18d63d0cd1d723567903fd34a07df2,SP,1944.03
8a2d12a90e92f012ce5226fc6592b653,PR,1933.62
d354c38a7182125a748cb10474fe963b,RJ,1926.18
3a4127e1ba7208ea37044c5092aae170,SP,1924.1499999999999
26e2c91ef821e1ff8985f408788fe35b,SP,1923.8700000000001
0ac4201fda2c68ebc0e47cb9423cf3c9,SP,1910.8700000000001
edc518ba25576a0188a0e8f2c3af186f,SP,1909.55
718539d38d07dd351c76db862760e2e2,SP,1907.61
39d54ff918774174706fb065d7f9dc07,SP,1902.72
6ddc28b61be28373b4503a1f61cf98a9,SP,1900.09
e64d65bc8dbec2accda90c58de5d1246,SP,1899.96
66fd84ee7528c0c0de85d0f44a73d5ab,RS,1891.3
8daab2245ebdc277c51098d01c5ad8ef,SP,1888.64
77fccaae319668a8ab6cd0fd16aec48c,RJ,1888.44
8a1ff5c35f6595a73fef4c7b96e4908a,PR,1882.8
659e8466eb3ff1b0e8740d74fb7bbedd,BA,1880.0
af3ef48d0e13835e529c29ac573c63e5,SP,1873.13
5f67c6082caacb26e431a7b17940cece,PR,1871.03
866558b3bccef2dbc6d29a2b5995016f,PR,1870.75
ec4608a1f76453166bb312b2968aeaf4,SP,1863.3600000000001
b33aaadd1a8891d2dfef0c4c3bdf0371,SP,1863.04
0887a9f087bcd5d9f6642b52f897fc6c,SP,1862.35
06bb3a2fe5e7b7a845b13e8fb91bd944,MG,1862.33
2709af9587499e95e803a6498a5a56e9,SP,1859.02
8b87cd0d43d49b9bdf40f56229364d59,SP,1853.9
7a2d2949aea47fab95fd98d6c9f618b1,PR,1850.23
3771c85bac139d2344864ede5d9341e3,SP,1842.26
d4e12e7884759a14fa0f5f896c791cae,SP,1839.6699999999998
02c988090b766852e088c69d7fb3b551,SP,1836.95
f918546be4bec7104d117789ba758b2b,SP,1830.15
41b86b552e54e3a7009596125aa8b167,SP,1829.91
bafc5aa11e413978be29040f51342e70,MG,1829.47
f3c38ab652836d21de61fb8314b69182,SP,1828.59
4bf658053d453036c70976bccb2c31b2,SP,1824.56
1660ad786c27fd935378b6192a90b417,SP,1818.28
cbf09e831b0c11f6f23ffb51004db972,SP,1815.4
138dbe45fc62f1e244378131a6801526,SP,1814.8
04e38a233f726ef161074ab1c9b0399a,SP,1811.27
e256a62e0ac58c0edfba09966142d561,PR,1809.55
02dcd3e8e25bee036e32512bcf175493,MG,1804.07
081acf3de680d554796c9cf041be7bc2,MG,1802.8
97512d3fc193b2d1dfcdba0f9d1f0f8a,SP,1800.42
53b0300ca793f9834cd69c0678d35ee8,SP,1799.46
01bcc9d254a0143f0ce9791b960b2a47,GO,1798.87
a23266650e7c84bb93fbbba502137478,RS,1791.44
cb810bd318f51b3dc3c753944d61a1fa,RJ,1789.02
d8c7ba53e7e38711eaef8c2849d6d2e1,PR,1788.34
fe701d88b67eaca109dffd464d1be9f9,RJ,1787.94
01fd077212124329bac32490e8ef80d9,SP,1783.3600000000001
6806dad1da97bfb5a9038eac6881f706,PR,1783.26
d2e753bb80b7d4faa77483ed00edc8ca,BA,1774.94
5f3ae9136c875522250f8184f253413a,SP,1773.76
5b97c06a046398e7005b2b7c0d707a92,MG,1769.5900000000001
78a4d36f65a019172c6154468831a69f,SP,1768.9
6b1c4d4d9ccf0be3d8544eb0e71e5318,RS,1759.04
83b08de96980757220871b31bf6cffca,RJ,1758.38
b0f2a6122a90a93eb03e68653dd960e3,PR,1758.28
6eb94e1466490d327a09abf8f3552a50,SP,1749.77
0eaa7e33d73809f1f925f7d07c506cbd,SP,1746.9
7813ea3ebd9411dc600b4dd01f7a97b9,SP,1745.99
5e105f5c9f63f5f1fd75d6cb942e55b1,SP,1745.73
7e26c750b4cb9f6766f58265ff9ebe95,MG,1733.1799999999998
d4ffeb15b67e81ff9af2b4252d99fb7e,SP,1724.81
431050a06a317f2b38168dec3dcd2b46,SP,1720.95
4b1eaadf791bdbbad8c4a35b65236d52,SP,1715.82
f08c008c8a8d31417763738a1788a2a8,PR,1714.69
2e1a7d075abe038c1b2743005fe42ff1,SP,1711.69
b6e1504972665f739dec4facb9943775,SP,1710.3700000000001
70f84699be677ec988d1fa824aef7d90,MG,1704.4399999999998
3a490ba60afa30ece0e7d50cfe74a4f0,MG,1695.0700000000002
a414555ce331b8c8aea4a9cb8395194d,SP,1693.59
a1040efe9ff4a6f93c28b0499eada8f5,SP,1693.31
427165bf50f8ca07efc7bdc2bfcf1688,SP,1692.9
671585f5a2af58b6e276bc01003c0d2b,PR,1692.1100000000001
b8114f2f589a6804810f04f99b36b498,SP,1692.03
863d2ebcd347ce4922de7a0f9a5581d6,RJ,1691.1699999999998
4d232b78ab7ef10393dc3807d827bc0d,MG,1689.99
9a03a4e9eb0b947652fae4f6121a3f5e,SP,1682.22
57c764b4a836300be881e2ff86e449f9,SP,1681.1100000000001
b9ca8e8baa5d4aa038394a700f63e69f,SP,1677.95
8ff1a9df749e454105c55cda13e79143,SP,1677.81
9f50216bfd01913736a55a11b55ea842,SP,1671.1
81336a0f57a33776419727a300249e90,SP,1670.88
4ba52dfeba874da5b9ee7b17c7494f04,SP,1667.9099999999999
542917da124346b47ea1ac79a93ce454,PR,1667.08
ec933281fb017b5020d06df29c3f77e8,SP,1662.85
20cb7c2fde3e5bf10f0bbe7394e1c6a9,PR,1660.28
c5f7e746b7e6d07def6c0dae9903279b,PR,1658.9199999999998
714b9a1332840f257b49f476bea4e341,SP,1658.0900000000001
5145090ab595c0d0b8557199f5701fbf,PR,1657.45
42ef3192a9ff87a22d1867b74b3ee205,SP,1655.97
9b522ba7eae9e1d04082f267144583cc,SP,1655.6499999999999
f5f46307a4d15880ca14fab4ad9dfc9b,SC,1654.32
134285d1f41da5c13a756ee8142c8a4e,SP,1653.6299999999999
b9a03475e6447e631b6799ec8274800f,PR,1644.0800000000002
e7f3bf1ecd8526eb7f3b18059e6716e5,SP,1642.8100000000002
921323538c9f1c4e816f2720eac02bea,SP,1642.2
1dd33b8119b3cb1056ed5dc88cd0aaf4,SP,1641.74
850857dfac77488c307e2b1cbd84ab5a,PR,1638.72
47648caee88ccfe951fbb27fbf7b4cbe,SP,1632.9900000000002
5a425cc503b39b262a847fd6212bf53b,PR,1630.1000000000001
52f9db5cfb423382a2fa5c9e39303202,SP,1628.54
2dcf93836ae3ce0d7c93e2f10876467a,SP,1622.44
49cdc90518a4f82676b38b3c1aa43ff6,SP,1622.11
49067458c68f7701fd334ce326accbe0,MG,1621.5
a5259c149128e82c9d6d46e0c1c812bb,RO,1621.13
0afccdb8a34ee5c79f7c06faf2b4d56e,MG,1613.78
9da1ca0bef29ee170e541927a5aeabdc,SP,1612.03
186cdd1b2df32caa72cfb410bba768d3,SC,1609.73
88cf19ec1fc2c58f161aee259d57142c,SP,1607.68
985c92cc412091f8529c12d7f23d3fef,MG,1606.63
8185694b58b2ba6de20fd41ae608bbea,SP,1602.57
a7c88262832dfc683781d6a421edefae,SP,1602.42
1dcfa3835714681d4ba4a93bc1e0fd41,SP,1602.1000000000001
36890be00bbfc1cdb9a4a38a6af05a69,SP,1600.88
11fb6f6d341adbe19e81733701704635,SP,1596.6599999999999
3f8034bfc6b8b4135534975d49f04c63,PR,1594.51
6426d21aca402a131fc0a5d0960a3c90,SP,1593.82
0aea4c6ae1505b3228ddf3dd7822ee5b,SP,1579.66
141440cad9341e553f8401c574a2aa38,PR,1579.0
dace965ca58120f92f8d742a9fa1864b,SP,1573.77
5bf397d04035b5f45cc41e82ec106803,SP,1572.28
25e47381a6c510ddeb36084e33b89f0c,SP,1571.71
b1aaae6b66ad3c40f54b389d7ea4bee0,SP,1569.24
0ad80de75c811326389cfb1daba7d45e,RJ,1564.72
a13580f0e8f782b7a543885a0ef99f08,RJ,1563.68
093805f8f2aeb63881444571e1f48f30,SP,1559.73
c8c1bea22194a4eefa2dc9a9fa89f536,SC,1558.73
d7827b2af99326a03b0ed9c7a24db0d3,SP,1556.7
f4a04f7be452aa3bb31760bf00055dd0,SP,1553.95
fcf16b7a8697e559f0123190bb30177d,SP,1552.5700000000002
0b0ddbc7b9d9584f442c7ac92b0ff6c9,SP,1550.6399999999999
2646baaf662d4d92ac48f047e35db92d,SP,1549.3899999999999
e439f7176d763f92de325271111b2fd5,SC,1547.7
1284de4ae8aa26997e748c851557cf0e,SP,1546.8400000000001
7357b52d27cbaa90f81a96cbc1279396,MG,1545.83
c794dab4928dd97beb41d05514441e86,SP,1544.59
89c127985a8b130cfa45c1d36764017a,SP,1540.2
2d518637f53161b973e01f56ea4bb88e,SP,1539.7
113e3a788b935f48aad63e1c41dac1bd,SP,1533.95
01ed254b9ff8407dfb9d99ba1e17d923,SP,1533.71
8e2b3afb420011ef0c88c9d5f11ea526,SP,1532.43
b5abf4f36adc043117b4fca82c22984c,DF,1531.79
1caf283236cd69af44cbc09a0a1e7d32,RJ,1530.25
b43d8b707f887a30f4675391098354a0,SP,1526.76
bb135baca94c82fcb731335ad5b04a03,SP,1522.68
128f9bfbe4c7d5185033914b1de3d39a,SP,1519.37
c35672b10ad50968f567ea3f4b91e877,RJ,1515.35
2bd05d410a8fd26dc4184a15f4f2f588,MG,1515.27
0bebbb2cea103a4a020c95d43fd7d754,SP,1514.34
4e06067cc08b3f41d837768d392c3ee3,MG,1514.25
1464afc72f696af775557a821c2e253f,RJ,1513.78
17eea220a40cc0d2c0c5346379682398,SP,1512.99
c7b7db6c8f3c64a7cc1afa634db21d50,SP,1511.86
7a425d299613df3e613bcf9d2eaf5c49,RJ,1505.47
da7039f29f90ce5b4846ffc0fcc93beb,SP,1503.55
1ca4bdb0cd7fc48e949bac066188ed26,MG,1503.4499999999998
8629c241b3622ac12cd4118afdc8d394,SP,1502.02
9a1aea68d3efa00862ec88c0768037d0,SP,1501.71
b8578d2d823bd8e251f6fdd02b40902d,SC,1499.6
bc07d855eac23aab5ac8a120f21d16b2,SP,1496.18
51ed72984a04e5dd35c2b27e77179038,SP,1493.23
c3ee2331a724e6fc02c4b698b57a73f3,SP,1487.88
f205b1a3ca9a34e0f8a228bae6e4c7b3,RS,1484.9
5151aea44289d6c6b090ee31c2132508,SP,1482.47
0e982cff76cc0579f632cea8a0e38c9d,SC,1480.31
402916f742e5c740cc751493d9cf5053,MG,1478.43
d1c7fa84e48cfa21a0e595167c1c500e,RS,1477.38
f1b854361f4e15d5851b494df66f22b2,RJ,1475.24
04843805947f0fc584fc1969b6e50fe7,RS,1474.76
4eb61f060e7dcc1d5a80d806c35cc541,SP,1466.1200000000001
6b89abe95848c850399130d149a39b63,GO,1465.73
e504a4e2efaa45cbff7e268a2c58c956,SP,1464.0600000000002
2f73e04d12cdf0c945ded66bb3fcf6c7,ES,1460.85
2d378dbb39815785238c0139c7647fb7,SC,1454.44
a478c7961d6a992065b24e63b366f90b,SC,1451.56
4736e9d642ef4257cd7622516931eb51,SP,1449.77
556a6409838156ea299c9d1f9e2dde43,PR,1449.64
010543a62bd80aa422851e79a3bc7540,SP,1447.95
091065b789659bc3cd9af9cb3a6253ff,RS,1444.37
c273175f7c6c80fb02f051e2fc6d0d72,SP,1443.45
9140bd1d9de28b197dce077bdd687438,SP,1442.9299999999998
3faf68a3b0af94b10bac70d86077be49,SP,1442.0900000000001
6562efe88ce0826a4ca4f189f03b4b84,PR,1436.21
5795aebfe331fbcd02a2c4b679fb7952,SC,1436.09
7f40d06aa0b5f1aa4f41af8c0480e2ef,SP,1435.6200000000001
491a5ada3aa1678414e990262c4bbdc1,SP,1435.58
5ee7fd217d08dfe5d3e2f51f96a12c9a,SP,1435.18
325f3178fb58e2a9778334621eecdbf9,SP,1433.3700000000001
b566ab0ef88016e00422755e305103c6,MG,1428.22
3fac58ce0ad699020c7944d53c41329c,SP,1427.97
334cab711dee080b079fa5779b584783,SP,1421.37
cda598c48d7c614bc1cad7d8ff6f0010,SP,1420.2
8ea394aed8138685abe1eb9f25e1021d,SP,1417.6
269cff2d3c8d205c11f37a52402ea93b,SP,1415.0
30a81d8cf85fb2ada1b1b094c9583a95,SP,1413.52
e48cc16ab70bfa09e1401740dce0b3d7,SP,1411.1299999999999
439a47cc365d6e3bd526812ea9de3c29,SP,1410.93
5d76d80a2f5f39c891b996a1bf4c9853,SP,1409.75
4cf490a58259286ada5ba8525ba9e84a,SP,1409.39
8c5e007d7bd5693fa1386ffefbc99f6c,SP,1407.4099999999999
e3d3b3efac954a60d61be70b7e05b49b,SP,1405.83
7ff588a03c2aeae4fbd23f9ae64b760d,SP,1403.38
a425f92c199eb576938df686728acd20,PR,1399.69
7daca0837f033a41a6f3428c18657533,SP,1397.14
8a9260f2b0340411d6d2a56bcf4f7378,MG,1396.94
788e857f317e53de488d393e65a80f45,SP,1394.95
67225bff54a172ff67579aaf583efd78,PA,1393.11
a36ac007a4d18f865c8d32c3b2402c2d,SP,1390.96
626ab1cd96932367f0eeec2e47046c12,SP,1390.4699999999998
b55638ad525e906c698fa2ce742c1742,SC,1385.67
2cb6eb1b7185064167657fa09f541105,MG,1382.68
4324dd16853115efb0fd9d0d131ba6f4,SP,1379.47
fec8cd45395b3cb0c2b173d7739706a1,SP,1376.94
c0098efcf800861dcae589affca31408,SP,1376.74
b586cd24c010a13916af621b0325fbba,SC,1372.93
5d9f3746e112e696f98ea22c56b3e912,SP,1370.41
d4910f1cdcfdabd48d6b316e395d4a23,SP,1361.92
bc47d5d1490df2b36add65d733eafaba,SP,1359.71
5f26c1408a65b42a7224cd463bdf3292,PR,1357.09
c88f62b4c386a59281014d677864d016,PR,1350.5
f9d010e39375d9c91dce3f40b73a2f84,SP,1350.1399999999999
d1b9d4be4b6f9ebd85f8acd6745ba612,MG,1348.53
7c5b05cbdb5542049f38d90d7815b97d,SP,1345.46
a066df7361163e7ddc5d7452dd17448b,SP,1344.62
9ed65337433adfbedefd23dd76eaa494,SP,1343.65
5b2e94f2c22b39ccc24d34ad0f669672,SP,1340.1399999999999
3f2af2670e104d1bcb54022274daeac5,PR,1334.18
ef2fbc2b607d8492bcffe657a4645434,RJ,1333.69
9d7a1d34a5052409006425275ba1c2b4,SP,1331.87
6bef34c5be6f2bbd70aa5165f6df94b1,SC,1330.88
abc015ebac1d283a323ca9db35ede4b9,SP,1329.65
bb5d956dece964a06c12bceb66b923ae,RJ,1328.5
f5fea3ffed6c2e889bab72705557c63a,RJ,1328.18
45a3d05fb00435e52a28859dd03703b3,SP,1323.79
00720abe85ba0859807595bbf045a33b,SP,1323.48
20b54c376b794ed028df09a3cd88e8dc,SP,1323.04
4eeb99008a0f59d2c7759c59f9a346eb,SP,1320.95
5b07547f10dd980738a1a27f685af669,SP,1320.0700000000002
89f69225956f951295ca4c7fb1266553,RJ,1318.71
76ea5315acb3f5f7ade3cd261faf922a,SP,1311.08
4091f77d8c768fc3e81c20761471761d,SP,1309.8700000000001
973f21788dfab357250f69a8dcb7ddee,MG,1309.03
b18871c324516afa228a13e8f1ef0ae9,SP,1308.4
c878515173c84a492ebe50d6b493230b,PR,1308.04
119d1aef1b4144adba89163f6cd9f5d4,SP,1298.24
4ebdc7e6cd6102a022dadc49156d4ea8,SP,1297.9
4fb41dff7c50136976d1a5cf004a42e2,BA,1296.77
b5e3e38609125694d2ea2417522a60b7,SC,1296.18
10ff823eda2b032e2c93d17a7d294736,SP,1292.8600000000001
1cbd32d00d01bb8087a5eb088612fd9c,SP,1289.53
dbec9a0a7efeff029d4d9dce7dc4cc95,MG,1288.59
3dbbce181edfaa4a597ec858c382d2ec,PR,1288.57
577719699805dd125d5b6fdde5943bba,RS,1287.3600000000001
5fd924b4836098a5be0ecf81ba054ce0,SP,1284.34
734def04b237117a09321dd6d8f3f2a2,SP,1281.23
4a1f694197d05fe70026b016a7316b41,SP,1278.75
e84ad2127668df3aafc6b73531a0beb8,SP,1273.73
de9727ca376d1be6ec121b110aa7954c,PR,1270.0900000000001
9bc484c87d79cd4874e05ca182658045,SP,1269.87
c8e135e7b21ecbc36c1153a29d2f5a06,SP,1267.48
596849622429351f47b32e6cae1055ff,SP,1265.19
9c4d31c7e46ab03a43fc06e3142afd4e,RJ,1262.72
327b89b872c14d1c0be7235ef4871685,AM,1258.8
6c6cc59a5c00cacc5054ca06d65cc282,RS,1255.71
1b65c144b17e607c0f37f10bb7dfec8d,SC,1254.35
03a2a6dcbe45d639c4dc2a0d24769c40,SP,1250.6599999999999
8fdca8e349553f99bc738833a62c8802,SP,1250.43
7238f877570096ae403c51898fa64566,SP,1249.52
f235413f677777a0738ff215d0184901,SP,1247.81
980640c45d7a4635885491d077167e4d,SP,1246.6599999999999
76c47a299e4a8fe992316a85865acbe9,SP,1246.34
457fe919b032a3f7dadba6fb92cf7855,SP,1246.1100000000001
226b05fe067266c59c15dae208213d06,PR,1245.58
83645b1645cdee8953ee54c29ceed564,PR,1245.1000000000001
26785a546900236d66f2e4197c211158,SP,1244.65
8fbd63429be6d3e5e6d1a709b6464802,SP,1240.97
a20d8058c866dbaeca014d2cd20ac62e,SP,1238.9
41da412d33e8da4f22baf55cb1bde82c,ES,1237.06
08d2d642cf72b622b14dde1d2f5eb2f5,SP,1235.26
5b664594895aefb418afaee6d40a9a23,RJ,1235.18
343e716476e3748b069f980efbaa294e,SP,1234.7
71dc18fd8cbf5fd77f45dd8b427abb34,PR,1229.4
4b39558c138930b9e5489c93b6df5fe3,SE,1229.1
6a8a889bde935bafa76d7848782dfaf9,SP,1228.62
1d2732ef8321502ee8488e8bed1ab8cd,RJ,1228.1799999999998
1710c3aaa9c6b44ec3883ee0fe300e21,SP,1226.55
fb3cfbc8a86f5d7fbb4d36b8df63f60d,RJ,1225.06
5011f0d93373a4c5753adf58ca77af8d,SP,1223.19
3c3017960b2dbd72711a61f0400aab8f,SC,1222.89
4200ddf1967c5e41e48db62bc6d4b5ac,SP,1222.73
3d4b1ae7539303b5704493798893e82c,SP,1221.69
9261d76c62caaf0b24677c2ceb7f8f20,SC,1216.24
fe87f472055fbcf1d7e691c00b1560dc,SP,1215.96
3d4824f20035949c710eaf111f869d39,SP,1214.58
b2eecf5ea250510da76590ca79d60e5d,SP,1213.15
bf00385a5f7fc1ef39a13c2e9ee50a5f,SP,1213.03
713e3a23ca5e47786eb6f0d99f94cfac,PR,1213.03
18e694e0e48ed6f7aa3f24aade5fd697,SP,1205.77
e250d617a0ad591ba9bd663e584a895d,SP,1204.91
2d42ebcda99fd55f6f4bc2f1ca035d50,GO,1203.97
ea6b12bf9ffe2bac34602ec631d97a47,SP,1202.19
10089e9f2fd0c668a8fd4e52e1698888,SP,1199.31
10076e5788b8ee532724bcd460baf762,SP,1198.78
c03121937e54a93fcc1825c3098bbb6e,PR,1197.94
48328ec9a579151d9cc6a86d4a59336c,RS,1196.78
9485a23c0430ba1d58d359391606fce6,SP,1195.15
365e445f796710c3431557e85caa25db,SP,1194.3
28f10b1c5e5abb9d4857745bede6147c,SP,1185.42
eb72802c83dc7547529c9546d1a9b8ef,SP,1181.63
167fd940acebc789debd6eb418c46e38,SP,1178.48
8f2b51a30523cdecddc2f179f351c7d6,SP,1176.23
e21a1e8be4715b0fcfd5385643bc49c4,SC,1175.8899999999999
51e4e89242cbb846c2deff3dc015650e,RS,1175.75
39f776d2974049026ff531fc42ef2a3e,GO,1174.41
edd066cd02126d7800f9b66e980e9931,DF,1173.93
7df1fc11cc5cbc518b39faa60cf5d67c,MS,1171.96
05730013efda596306417c3b09302475,SC,1168.67
e58a5b390e28abc0b216cfb0e07d27d7,RJ,1167.23
55dedd83e501d8248880557d9073cbfd,RJ,1166.0900000000001
d66c11a9572221d92fbb8c4897db5f9b,RJ,1164.38
8b655f0855926bcb49f5835d38dfddf6,SP,1162.81
82cb9f452fe8334df74b22d37824b431,RS,1155.26
db46ca7bce82b11f7e247539271fc390,RJ,1149.86
e1dc0754bada9ee4cfe9713f22f61292,RJ,1149.78
05a940b4ecae36cadfd8e93bd9c43257,GO,1148.94
04fdea0c111866e6cf812f1570d6b5bd,SP,1147.04
f8201cab383e484733266d1906e2fdfa,SC,1144.8300000000002
70849ca4f400aaabb62cb7462a6f1428,MG,1143.24
1bc2e21de46adfea6b98cc96b00f3b40,SC,1142.55
c54679b132454625907c773d273d4126,SP,1139.93
c4fabeea6e569d42d02993bb1f4f1cbc,CE,1136.52
33cbbec1e7e1044aaf11d152172c776f,RS,1129.5
07017df32dc5f2f1d2801e579548d620,PB,1128.24
2379bdc3888025689a9deb7b141507d5,SP,1125.61
633ecdf879b94b5337cca303328e4a25,SP,1125.49
d1582f4043306e6b91afa6a8a884f898,SP,1121.92
daf565f087a52def0fd5c5825b3661bc,SC,1121.8300000000002
9c690ceacd5c66731bf443ea810195cb,MG,1121.02
ddd51ae8cda92f3995a51fc0f0f3eec7,RJ,1119.62
7aa538dd6e114e503a2e6154ea352253,SP,1118.6
9198786624eaeb375793215cad26cfa6,SC,1118.3700000000001
bfd938b22bc99bce1ae60dc602889f52,RJ,1118.26
e0eabded302882513ced4ea3eb0c7059,SP,1117.19
7ecef8194babfec876ca720714327841,SP,1114.26
d9442042130b7fe579d1295f9f4a248f,SP,1111.04
41c9d3997dd3c072c31139dc5bb5761f,MG,1110.54
557f22c76691849db52d2abccf0015d0,GO,1108.54
670a9dda115b5a88b18cfadee8de2332,SP,1101.99
f0e103c63864d5405b958d984b6e94c9,SP,1101.41
91543f9849d68d023e17194926598543,SC,1100.57
7a9c12e235c36247c3c81f50d6ea9cea,SP,1099.5900000000001
7d7d2b7a51328016102d4528c411d630,SP,1098.85
6025c79c035c3d772133b8b8238463b2,PR,1098.33
17adeba047385fb0c67d8e90b4296d21,SP,1097.31
ffad1e7127fb622cb64a900751590acd,SP,1090.83
b7d5b4b87af9d42b601865d3f3810bff,SC,1090.02
4221a7df464f1fe2955934e30ff3a5a1,BA,1089.04
ef9952469137ff190bacafe117f51537,MG,1086.6
a13aaf2d2886ab9fb30fb9a920160b8f,SC,1085.83
a0d7fbb07bb5ebc3b05980e750db56f3,SP,1085.18
1f867308a0ce13133a4e639ff4de0c02,PR,1084.92
8e670472e453ba34a379331513d6aab1,MG,1083.96
77dcbb67ccb3659bd58eaf5661560a30,RS,1082.56
3d621842b2ed28e2b474132480edac3c,SP,1080.7
cb4a705d00e100b9732d0ca34817d441,SC,1080.56
8602a61d680a10a82cceeeda0d99ea3d,SP,1079.9
010da0602d7774602cd1b3f5fb7b709e,SP,1079.75
dc7192adf8ba09569261f4a8d576afe0,SP,1078.43
5a05a16bb50629ee31afab8a6d4c2674,RS,1075.48
3d5d0dc7073a299e31fa718ce1bc00b6,RJ,1074.41
79a679c36c08d606b3fd47ead9de109b,SP,1072.22
68f86ba270525243e68ae74044f992b9,RJ,1071.31
4f1f1c8666cdb6442f775c4e8caed465,MG,1070.39
ae45df84722b1d15c5f32b23a095746c,SP,1065.49
13511db12ac61e2f89c53b72a944a60b,RS,1063.97
e644cbadf7eeb30d0d29f335ce7d52ec,SP,1063.5900000000001
c37b2059d4f90d4feead554e5246565e,SP,1061.28
9d681c7e12db302cb261e721040dde65,PR,1058.68
8a43128d7f9a3db592b866e6861a6cce,SP,1058.49
6b9b80d53ba3676eafe60268a810b5a1,SP,1055.66
6e4f5ff6b086632ba8dcb558fb10249e,RS,1053.25
b81e3a6c866a764974fe849821abeebd,SP,1053.01
c1ed9e3daf6154542826a6996af0fb8c,SC,1050.0700000000002
1bb3812d5f0747a3ab7348f199001a10,SP,1049.57
74636e24f01da9268b0ed88dacd8513e,SP,1048.6100000000001
e3a386fc36e22064434e1fa256f6a9fa,SP,1047.15
b45d7ebfb7378630f1bcd74b6ff86ff7,MG,1047.0
a67780aba9dd436e7ac0aa1f889e73ec,SP,1041.04
9e9b539eb2806acee3f5c28085c1db9f,MG,1039.47
28872dc528e978a639754bc8c2ce5a4c,RS,1038.9
caa9bc43a9fe8cf9c564ddd8a03cc4a6,SP,1037.74
e8dba4d70f7f2b20e775d09cae01142d,SP,1032.39
d8cf3b6a2151949f930d0252b180ec42,PR,1030.18
0791d9fc1e30678ecf03d3e55fa108d3,MG,1028.99
48985c61529077fa4f1e38bcff0f2ed3,RS,1027.3700000000001
a99504ac23ed125aaf5302af6cc30af9,SP,1025.24
0ff83046c3fa22efee8ecf291888b191,RS,1023.3800000000001
4ef4c39cf3c24f326434cf0b2e48046a,SP,1017.17
63a79f5a7eb5cb48a7e5787b141c7993,MG,1015.9300000000001
3f9c56764fabca627406093dcb3ef0b4,RJ,1014.95
808d4348b916efa08e766ebad39f61eb,SP,1014.9200000000001
cac63f48c38cd7d002a7e846dcd99a23,SP,1014.62
528bcf6680c36dddf07620bd35b33a6f,SP,1013.84
bd4431c1a8dfa744b59e1e2a8bc99b9e,RJ,1013.59
cb6c9f5888a7a090c75beaf615925792,ES,1008.97
1cbd50a8c52e6cf8e315c5709fab386f,PR,1006.6600000000001
134a288e7de827ec5ec62e3ec9c3a295,SP,1004.0
f783a638e9c6af4a7d0dbfde811e7a81,SP,1002.9000000000001
c6a7539d424a8402232c2228d7a03c5e,SP,1001.32
d4f117125b59ce73c3302f88ee40c458,SP,998.61
e51f22821f0c12a16ad5c020cdcd55e9,SP,996.8399999999999
d101c6da914ae3d53f7bee42283f2fe2,SP,994.96
fe1b067411b8c5066e962aa146ccee03,SP,990.8799999999999
0aa2205ca24f113f4658a5c536667426,SP,988.1
69b5eaa096c3f9d1e5c398c597f567d6,SP,987.02
d9e7e7778b32987280a6f2cb9a39c57d,SP,986.39
6f83d9e4da896daae20b9b6b2d3ff8d2,PR,985.04
b19c48688808720822399ffa9f2dbe2f,SP,984.8100000000001
da6a60cc8cc724fe51be021ff8be779c,RJ,984.58
39c763cca83e654764b7a4a650fb9b7c,GO,984.21
160e4f13fd3a64b1b86807be88b5ffb0,PR,980.45
e9729944ba65dc3ce425e0c5a22ae7b2,RJ,978.4300000000001
297d5eccd19fa9a83b2630071ff105e4,PR,976.73
5c3460cd3e8a984382ae254e7dd20d9f,SP,974.3
ca77545ca4d2dfd1431bf61334e2fa3c,PR,973.71
efff9341f3f8f5237b44ff67ed36a7bf,ES,972.65
41c2bad7229b0c25e6becf179ebf63ff,RN,971.92
c8025364abeecb115431bf95c11a747f,RS,971.28
c89cf7c468a48af70aada384e722f9e2,RJ,971.01
8d46553a36e68f95350a200c12f8f2e2,SP,969.5999999999999
562f8cfc51f265411f487d07e9c40e7f,MG,966.25
e8a85b5f3df47be0984c55fd4064dbb4,DF,965.99
d0d70d21e2234dd7cd3cf63fe414148a,PB,964.99
b2c97074649f92197d9387d9033dda5f,SP,964.0799999999999
87d3c3aeb3ead335511b3ce315eb341e,SP,963.06
40536e7ca18e1bce252828e5876466cc,SP,963.0
ba5daa4041e1f15cdf34b76e3e18a450,SP,959.35
3492e68f37fd1df87f4f2f2ea247f445,SP,957.26
6861de0f40cacb0602e473c51639f980,PR,949.73
7dc9a3355bae96dd82008b313d3a456c,MG,949.62
ffff564a4f9085cd26170f4732393726,SP,949.58
a1544b9ea0b2390e020537d4daa89049,SP,948.53
6d22a1fcebb6dd08c9cd90b92a93e8d0,SC,946.4300000000001
8a40ae794fa3f9892cee24bd5af0488b,PR,946.26
2dd1fb6f0e42a2243b8a01e40cd41216,PR,942.73
a247197e2e9c19a6a53a6888cb8b660f,SP,941.0699999999999
e5cbe890e679490127e9a390b46bbd20,SP,937.71
725af026f869236a8dd0ceb98564d156,MG,936.67
2b03ac196f5ed62ac483960fe0fa3b65,SP,935.19
a72c2f59332659e361d647515c698798,RS,933.9300000000001
0d33a55da925bbf1ff02af5f6059fc7f,SP,932.91
5a413ade68e8f8d93071a7f52a64cb9e,SP,932.67
6e864f5c4669eff3d98140a07cc50202,SP,932.3599999999999
eba88037e1dca898cd02881f67ced679,SP,931.57
52a52b9f656520e99716f5bc40f661c8,SP,931.2199999999999
2c43fb513632d29b3b58df74816f1b06,MG,930.17
1430239a858e7682bbc43b20758af153,SP,929.54
e1c76f339ebd5460999f25a2aa8c92c5,SP,928.6999999999999
5962468f885ea01a1b6a97a218797b0a,PR,928.04
11eac105f3f90a9b87b19c89d91e24f3,SP,927.8299999999999
32e5635e63cb374eb63afdd242fb6134,RJ,927.82
75a4764c108403a7a0575140cb22287c,RS,927.0500000000001
1cd9e0cc1839d55516843def5600816d,SP,926.72
14ee35374a7876217954b5fa08e50463,SP,923.05
134b867a0f7f8bbe6abf10f91874891e,SP,922.8399999999999
9c7fd21e0aa159b20da593371f08ff7c,SP,921.8000000000001
4deebb3199eeafb282ae33229144f94b,SP,921.49
a3b42d266fa8afc874b909422ce88582,SP,921.2400000000001
515d781150feed28a6ac091bb0e3cb8c,MS,916.75
c8cc60ffd415254af5d9b9f34f32c369,SP,916.23
638cba8be1fb599bbb76fd6948351eb3,SP,913.87
ba6b4a237f92479743cf0ca06b67a9ac,RJ,913.71
a1bea7061f61f6fdd9a85a6325ba1033,SP,910.88
1099a00e0ee3a50935e6c2447ca090c5,RJ,910.8299999999999
700f03c207639c22d933381ff60b35c2,SP,910.63
39d61be7a92eb77b7da367bd4845bc0e,SP,909.62
7c51de0ab286204ce75ff42bf7c10d92,SC,908.64
4c61e37f664c3c88aff092aa5ac779d7,RJ,908.17
d29ba1220fb8634fa3a107e54497b8a4,SP,907.86
c00396cbdd2e088fe4281baa5920aef1,PR,905.8500000000001
dc64d75cc406bb0697be983831430e60,MG,905.55
49383af7ab774e4e8f3000f49c83dc4b,SP,902.23
59cea8e446d3834393058e7e0666b6fb,PR,901.14
b16d3dadc47d4eb18be3d88bad0775ce,RS,900.54
28ea411b354f14b1a494be4e79f0ce02,SP,896.9300000000001
a2deecd5398f5df4987110c80a1972a3,SP,895.75
365e4bce19bda0082c3d15d83fdb8bcd,SP,895.02
0aa124728afc1131dff5655f4c6f487b,MG,893.16
ef30892870c278497523264be1be2241,SP,892.54
817f85dbb65aa3e70831d90fe75cdf89,SP,892.47
0d4c8269e7f0401201794deef160edd6,SP,892.03
253f95b3a0e6983ae18aed49fbc2b845,SP,890.94
07de60b03d150fb3ea09eab5da5e4c8b,SP,889.0
5acd070dd3fe441bbb2ec1f1ede515ee,SP,886.37
400f221ab83037c0ea78f1267da9624d,SP,885.8
5f06030071324cc52bf0304014ac7234,SP,884.31
fd435faa3c0422b60440ea3480d0e77c,PB,882.87
7a91bf945c6fae0779f1c61ce97fe45c,RJ,882.07
5996cddab893a4652a15592fb58ab8db,SP,880.75
f435898e493ba0356019a0b1cb8b55b1,PR,880.6800000000001
cd3d09fbe6e3e9ff0c0ac0c300e93ae7,SP,880.23
6e1862e15f33d9994bc25922a85e1efc,SP,879.96
80f2cf9abf6b5a0e5c612b5eea6646e6,SP,879.92
014d9a685fd57276679edd00e07089e5,PR,876.81
81783131d2a97c8d44d406a4be81b5d9,SP,874.99
ba6ce6de456f6c11d08c17701ba5c26f,SP,874.51
7210cd29727d674c00741e5e387b3ccd,SP,874.18
e560e4022d8f7aebf155db95946c5c0f,MG,870.21
70bf57d811208f8923b41bbd499a67a4,SP,869.73
f19516b9ff26bfeb091b30108db4ddbd,SP,869.44
c6218512d16fcac0af02fe92691cf274,MG,868.64
68ca56ce86830f3d31b1b7ec6a54da3e,PR,862.96
458c6fa920810ce2492da71bc26d9eec,SP,862.37
fe1bbc5feda5c8979a8a1b3b2512d5a6,MG,862.25
9aa388272ee334b6ae07bc73706e254a,MG,861.46
bc503e244f187939d10c92a5c8e378ce,SP,859.8
aac51c486b672a9850d59f3e84b1cf88,SP,859.5699999999999
52956b80ae65fda598f06f6b9943e7a9,PR,858.85
3d68c634a99a1ba46dbca3967a69c623,SC,857.7
6b15924333bd1a741595fe981ea04822,SP,854.46
89a51f50b8095ea78d5768f34c13a76f,DF,854.26
bdae679a9b282249bc23b9b69dae9a99,DF,851.98
ac6417315ae5da8f9a38ee11de6f7780,SP,851.12
3969863bb8af7f72580b3b1ffd3a17b3,SP,850.02
4a1917ef994878940e1fb03eeb787ad7,DF,846.6199999999999
be8e909810184b9b19e886129149d8e5,SP,846.08
6bb62a4912377c7bfe7cb17b406bc7e6,SP,845.39
8bd0e3abda539b9479c4b44a691be1ec,RS,845.34
9dc79dd988ac42f4d56c340d7048420a,SP,843.9300000000001
da03c298e3999e9d828591fc2179d109,SP,842.48
21c62b998a043ebe31161d38f84929fc,CE,841.33
2ba91c7ad80ff88b23b7db823b43c233,SP,840.33
c522be04e020c1e7b79f3acff36513d5,SP,838.3
e73bf2cea7fe4b0b4d287a7568ed1099,SC,837.8299999999999
236585a4ddb5fea9fa40233e2249ed91,RS,837.67
7354220fb240bde543b3c40c060d41e7,DF,837.13
851773c885feb5e2da3b4f82bc2b17ce,SP,837.13
43402bdf22aa2310e8f99e2f94f78628,SP,837.1
5f7300535881cef3b625fd683cf7d145,RS,836.83
6524b847b982cd56bb5d4b02b776ee42,SP,834.9399999999999
f9eedec3129e8cc6b6429c42d0808c5b,RJ,833.15
ba6b68b55fe8704377a7d43c8e5c0185,MG,832.22
2305ab43e846518f58dd9d59f3f54e96,SP,831.26
11742f81550ac064cc9a40f67151d9ad,SP,831.01
ad273c9eb54ecb4532de4bf75bae9e4e,PR,829.75
de09d00cfc265b8804c7df34075a68fa,SP,827.97
b0b346d3a89f5eb4c2968af3f083cd43,SP,826.6
55c26bcb609f480eb7868594245febb5,SP,826.23
bd1d49a326abfa9b1036772e40445430,SP,826.2
a56e351445e5863fc8960640ba9190c7,SC,825.98
c7fdb77fdbff3c41981bc52f787e959e,SP,825.16
94231344608e603693b0a8891143f65d,SP,824.1800000000001
5ef131ac72773e5b3f6c0d63cf424657,SP,821.99
13f57c12a00ed4610db646b913a7f5c6,SP,821.15
0d83f8e03188682112cc0d93523705cc,RS,820.57
2063dd1b9f568df1c16741ea7d3e6adb,PR,820.27
9535a841eecebed61a9fb1ac1cbb5597,SP,818.33
ed8cb7b190ceb6067227478e48cf8dde,SP,816.21
8e29d051f810eb22959ede205b462b9f,SP,813.28
191d55f7edb8524d525ed01b20fe32e8,DF,812.8
a254c682cc01e119f83530446f1df9a9,SP,809.4200000000001
38102b031c2a15e54623d711bfc753d3,CE,809.41
8c0de775f52fe41590b376a3b7c50f68,SP,808.03
0a85ebe4e328db81ac9109781205e2f7,SP,805.65
38e6dada03429a47197d5d584d793b41,SP,803.05
d79e8478eed9999493990b44955fb22e,RJ,802.61
fac35d150712afb921ec59ac5f39bb11,MG,800.64
179d859f51292aac5c10806a356f7af9,SP,800.27
8d899e15a5925f097cca50faa49b15e3,SP,795.98
8759e7aedd644f487315e5860962f162,SP,793.3399999999999
56db5c0782e8f7ddc9343f9576ff6d16,SC,791.9499999999999
2059c39f76271d4ca3f15b5ffaccc8b8,PR,791.29
1d29dfba02015238dfbe2449a5eaa361,MG,789.92
cf654707ed6a99f112c7ec3d6f314b8b,SP,789.54
ed859002ad59dbf8cf3602696a6c3000,PR,789.49
b7ed9fb14c8eadb37adb9c45d67ab0fb,SP,787.75
e4ebd3f87bf70440014f07ddda7fbe03,SP,787.26
8c91bfea4263b8fba54081460693e2a1,RS,785.75
71271995e85f5b8530be99ed54a91b89,RS,784.85
6824a69c9ea0313eba299dd4a2dba09a,MG,784.0799999999999
0b36063d5818f81ccb94b54adfaebbf5,SC,783.0
d558ebe531605a1285ab2b1bc3256dfb,MG,782.23
2aa3443d7bf9d9bb11133f420d75e083,RJ,781.12
b4b447d715f9ab302a188fb43d3e96b3,SP,779.6600000000001
48fb026ed7455a42f5d3e9390ed5088e,RJ,779.14
7b98de631987e26dd6d803490c43a13c,PR,778.6300000000001
d94ba08b99bedd6a5f6c875ecc4a6fac,PR,778.27
c447f8dd3ed213f291d65ef074a268eb,SP,777.23
89dda63a3c907c468ec88c310ed91213,SP,777.13
525e75a6fb1454a2325ab1734bcec221,SP,777.07
da4d149c0ddbac90557103ac0a0ec356,SP,775.98
b64d51f0435e884e8de603b1655155ae,SP,773.54
26af45f5dfd967225a832838aa4e24a3,PR,771.61
b0398568231ba5e6734af1881671a317,ES,770.12
228e4c1a0be164f613d41c24345f9d2c,PR,769.44
f3295428338a40977a03f555246a70f4,ES,769.38
768a86e36ad6aae3d03ee3c6433d61df,SP,767.7
61c36f0fc4a47f9532e5512b66668e62,SP,767.69
9cad4b68bb993ee401a3c5aaa2bc26dd,SP,763.33
9d5604a1f112324ad6b2aa552122e0fb,SP,761.98
2fb25ab44bdbeae6a4d816e0d0c9d500,RJ,761.29
72c38a04bd6a1c3dbc5298425a0db86d,PR,760.65
07d75e33f2750d97d467fb57e4dfdd8a,SP,759.59
ac51cac5e20d69ff485a54746488ef48,SP,758.7
299c89a525fee36c567f4fe72f038100,CE,757.75
01c97ebb5cdac52891c0ed1c37ba0012,SP,756.0
acf974e4d5950ad143a247471b831eb9,RS,753.62
6c99c983ce3b6ba0ab813e6790e81691,MG,752.51
0570350b23eda5444f8d1d9544932058,SP,751.76
3d3ccf2b2f8134b10dce9dd446f0e075,SP,750.53
6e0908ef4d4efadbc3cc2b74ea477cb0,RJ,750.28
262237171f48e85819065498cac80d7b,SC,749.0
02b72cdeb9cfcc429f1af6f4e3f3b737,SP,748.6400000000001
b6dc74ed30f124f95227bed4e43a3bed,PR,747.59
916748bc99315c2d202898ae58b1617e,SP,746.51
95b293867b5862941c9cd74f756a3c68,SP,746.22
26bad72add1f86e08a776ce4ffdaf1ca,SP,745.9200000000001
aae5e7b457a3c72ee230a47d98fceda5,PR,745.5699999999999
d9cd369bffa979d1634f8e1318bf2f1b,SP,744.81
f52c2422904463fdd7741f99045fecb6,SP,744.8
270d3ef21830ad0ecf3a6c53d08a533a,SP,743.67
25be943a321c8938947bdaabca979a90,SP,741.09
3ef37b7ca6dd2b80bd8af81a62504996,SP,740.97
4e6015589b781adaa5ce7f1892d06bb1,SP,740.5
6d988d6174a2c27441597174f8905515,PR,737.2
11938fcc75f6902fea1d0a6f72b54a57,SC,737.1400000000001
ab3e0c171fe84a7ba7de130f19cfb485,PR,736.33
328acb143b4a73aad6bee8e734f5d20d,PR,734.75
b274baf5bbd142410eb2958cf685d684,RS,734.57
be3b4b0f050a6aa1b2d901c4b77e979f,PR,733.7199999999999
39a5005f2605cbdb4f9ac14485cabfd1,SP,733.66
8a207b6080964f3c1fc9d35bd6096ba4,SP,730.0400000000001
eb5b6204dde3a6e03b5f1bb8479f055b,SP,727.3299999999999
b12cfd255810394b60caef18ae163547,PR,726.15
2f74af7a0ee5636f12c2336f9fffed47,SP,724.4699999999999
c157bdeedcbc9a8e3c8bf0d87ff24428,SP,722.97
1d503743d2526f03f0c2c89540ee008c,SP,720.53
9c1c0c36cd23c20897e473901a8fb149,SP,717.04
1b4b28463457a256e9a784ebe2a8f630,SP,715.3399999999999
5d043cd5512d4bd2f88e5ccdd5736c38,SP,714.91
5a6a02f419701fc8c605af71d4fc57a4,SP,714.41
768de2a4fc06aacecb9a586ccc30746a,DF,713.53
a513150f33f99a06569e9cd5c4bb889b,SP,711.25
cb9fb4ca75d7ba8437480e8dde64fe98,SP,705.56
4de6e4ba574aa9dfdc824bc44dc47fdd,PR,704.4200000000001
340636a908b13bbe0f4fb63fbe1d0c03,SP,702.99
e601b04acf48b4576e73ddca9481f0dc,SP,702.9399999999999
3f9be91358837bff69df67edfa3e42e8,PR,702.06
c84592044b180dec206770c38603814b,SP,700.97
89ad3263c0931c47f976d7c5778e60f6,SP,699.74
b44dbfbf62e52125f3c15d230569ea91,SP,699.0600000000001
5882f40daf39bc2a465e0cb453ddc222,SP,698.9
1961c3e1272bfeceb05d0b78b5bbfdaf,SP,696.01
6e4a902d1054e4e17aa6eab87fac1c75,SP,695.7
6650fcccd8cd2f7e55ffa524f30c4c59,SP,695.7
c53bcd3be457a342a97e39e5a9f0be22,SE,695.59
b26741d31a563d769b4af0465ab20c56,SC,695.03
af7cdac9d9897cddead9c6b08976c642,SP,694.01
c458e2045a8aa8964f8879af03fdcce6,SP,691.7
4be6b962d83299498bae2190f95d6566,SP,691.09
3be5841cdcc46de4ed3f9116f104b2c5,SP,687.95
c33a5c3c983090c8b78a28e65052a20d,SC,687.33
6179a28a13a726c29b3bf54c070dccab,MG,686.24
70b52a4cfc823994561b00bad161b4ed,SP,685.35
26d6bbee02420494d471c9f6436929c0,PR,681.6999999999999
3968920b9aa752ab98f7d5888c9252f2,SP,681.01
c52c644cc0dc85121207a27013efc6af,MG,680.96
6879c4d287a8dd06b11f54ea8f78e4da,SP,677.13
6eeed17989b0ae47c9f11ece6f38ea90,SP,676.01
53336f97ddbe53e2a617d07b17447b95,SP,674.83
83353a83fd769dfafa4f21a72b15e3e5,SP,674.33
eddd1991bd6d9309995a480c39b95137,PR,672.55
685b870da5b52a710782c9c0fefbeb5b,SP,670.98
ff4e2d38692ce827b1a4f4b8196e680d,SP,669.1800000000001
6dc9bec584588412a6a338830946a3e4,SP,667.8299999999999
bf961104a38e01b9062ee026bb657dee,SP,665.46
63ffcb71394dd8ea3872ed9ffda17c74,RJ,663.72
e4fc40017a6d22c46a14ac2e17f87c3e,PR,662.05
4170f6a9367e6b5d6401d03ce6d54569,DF,661.81
b5bb2b985208834bd5bd86c7a402bbad,RS,659.72
7402d13c03a7e91366337cd1de471144,PR,659.5699999999999
c7a0a13cbcf29d5ce51c8f80afdc0b89,SC,657.8000000000001
ad8ada0ffa993cb1197d102d9ab21a3e,MG,656.16
4e326052e5dbba8adcd512f3450a307e,SP,655.96
73b8eb4a9a729d4019b24ed1be748cbf,SP,655.5
9e6967d3cf386d284251784b18ccb485,SP,654.9
f5b44895715ddfe3087dc414f30268f3,SP,654.44
791cfcfe22fe4a771ece27f90017da92,SP,653.75
13c2ed7698b3ca92dad49e849219da59,PR,653.29
d4e4b5192cba4e0e66eb12a9d347239d,PR,652.0899999999999
bbaff50f3b708fda865918715276cd87,SP,651.77
3ea00e1dea2b0659dbaf654735929220,PR,649.97
a35ef466c6fd6d052f5d241240d3c5e2,RS,649.55
7c1fea10b5b006671d608b1d7c446ec4,SP,647.75
2e7ea2aafec5835e781b21d6d1faf1f1,SP,646.62
48efc9d94a9834137efd9ea76b065a38,PR,646.38
1588ac4010787100dddef64568f0ae35,PR,645.97
44f091b5abab8018f682fce8124b85e5,SP,645.14
bb2afe2061d53c6968aa0cffa233a8ec,SP,644.02
8b2d4ab22f42c5cfc338b846decfda60,PR,643.3199999999999
c3aad7dc65449ae90a5e9c3c6c1e78e0,SP,640.36
ce616e1913288884e7742faac9d981db,SP,640.03
1fe61aa5494bd3ae92a2c13e067c810f,SC,638.5799999999999
f9ec7093df3a7b346b7bcf7864069ca3,SP,638.13
74871d19219c7d518d0090283e03c137,SP,637.9100000000001
b87a7ea0c30fad2dd6781b74a0064859,SP,637.75
1f7fd2a6fcd5a6fa5d8a4dabc72aaae0,RS,632.68
2953ce3a88f5e3c3b696d77fc9e4c8eb,SP,631.32
d197aa8fbc64087f61984deef05f6227,SP,630.65
9599519be538b98748162a2b48248960,SP,630.0600000000001
70125af26c2d6d4ef401a1d02ae7701f,GO,629.62
6c17baf138731a4aaacc3210adf2037b,SP,628.72
c42fd8e4d47dfb18ce5222f2dd7752f9,SP,628.63
5f5a58930c3c35f3b5af264f34fb8c85,SP,628.5899999999999
385799a1cddbd26dfeb9157356a42282,SP,626.72
cd2169d9f31ff6fbb9ca3373b0c9e354,RJ,625.33
b3f19518fcec265b2e97af287725f981,SP,624.48
3d0cd21d41671c46f82cd11176bf7277,SC,622.38
7b7f91e98f8c6def45a1407923304402,SP,620.49
d7485b33791774c36108f8c69602d48d,PR,619.14
32fdd5d44ecb43dfd6a24b9369eca144,MG,617.88
33cbda8716511e27e556dff9d8418bf2,SC,615.57
312ba1d77e9c332ef21f9598b7f64cd7,SP,615.41
4a82168aaef173cbb6e46ae88728f919,PR,612.39
eb9cd5b35d95206585e2185318cb5c61,SP,611.55
a2fa0bdc798ee84cdb08281337cf4fb6,SC,611.02
f524ad65d7e0f1daab730ef2d2e86196,RS,609.5
b248792ac0b60ec3f93d80af1b4fae47,SP,608.35
fc59392d66ef99377e50356ee4f3b4e1,BA,606.96
a06c8ff043abea0528ee44171e2140a2,MG,606.9300000000001
08084d990eb3f53af056ccbc1730c8a7,SP,606.79
35b96509602ec4b7da831b5cd73ff2c2,RS,606.45
08d1c9478fb0d7d7fcac9c0da4e82fc7,MG,605.5699999999999
e1b12447a7563944843191754aeb5562,SP,599.13
97e995629983723d11830a829bc2b246,SP,598.87
6e13dd869aa7185f601c941423abcc8f,SP,598.08
e3dd723429d1b23614b7fa85e2c7a853,SP,597.62
7994b065a7ffb14e71c6312cf87b9de2,ES,597.3399999999999
e433f5fd4050e3352b5d83522b7fe24b,PR,596.77
20a7efa9721046319bdde5d60b6b5365,SP,596.59
ccbd753e6863fe7314dc6c0ca5a074e7,SC,596.56
bd15ee794d5e640d9dd71b665b2ab15b,SP,594.13
7bcd7c5f8631701474db233ccf1c094b,SP,593.82
651fe66032c9520ee5587f694908040d,RS,592.73
64b87978a11c1ea7501a89eabe8c2c1a,SP,591.8299999999999
6219ba2359cfb97f2e38fd4c321eb309,SP,590.55
b7cc6c5e001441ae8cdd5c69a480cbe4,SC,590.05
55029529919c0123526150bd26ca8f20,MG,588.83
35fb511489d9ee3ee27a76debce9df06,PR,586.79
2009a095de2a2a41626f6c6d7722678d,SP,582.43
e59e489e2ea74bd409b798b5daf49de3,PR,581.76
0951a6e282947e09cd47969f4ed0b47f,SP,580.32
7e79d65b5c6f1f544b7daea036acf720,SP,579.8900000000001
820c7c9eaf76d2b226b6c242bcf3f34d,SP,577.0
acb6c2ca5c82411c1fdb88d5fd5eb95e,SP,575.49
2493dc3f20131696a0ecdb9948051a8d,DF,575.0699999999999
f22a247b79dd22ecd91dc8e3b2a1b07c,SP,574.8399999999999
4e480be820e37de1444325ff358c9296,MG,573.74
ea00f977a203ff88adf7057cb7806998,SP,573.4
35857757f553273b1056c1cabdace7fb,SP,573.34
b9c0ffa92f3ff9a5a3d45ef7213c0842,SP,572.17
979e9f8b5b39dd243a2550c8b05aecf0,SP,571.88
9fc70243fb26800cba56e8f014797004,MG,571.3000000000001
4cc4fd4fdd406a85bbdc1f824b731bd7,PR,571.22
2b2fed75b8e5ea3a052fc4c0825da485,MG,570.83
fadb07c842a2aef5d5a676b85f220e71,SP,570.37
ff314fa6033cc68ec451c47aee2d6ba4,SP,570.3399999999999
28fb0829fd777877cdc350d25cb5bd5b,SP,569.26
79ee721b6f766066a80264402548d359,SP,568.3599999999999
59cd88080b93f3c18508673122d26169,SP,567.71
b080809eaacb49e5ca07290981472431,MG,567.4
0c7f30ae9b147eca07affbef92832a6a,PR,567.11
c286ec035ee04ba81c97508f0b5df544,PR,565.9
64cc804291f90c81f02bfc2bb58ff55a,PR,564.14
a8739afb32aaa45e01815ca76f76f54b,SP,563.56
09bad886111255c5b5030314fc7f1a4a,SP,560.36
5e49e3a44bdeb5aab2684258bbd4f525,SC,559.77
bac692d6c0ed08467878018e6cc9c26c,SC,559.23
29e6e05b65f93bc224c644319dc52ecf,MG,558.9200000000001
f1198c871e0171278b63f40d112caeec,SP,558.0699999999999
038b75b729c8a9a04b0d07cba7eabe86,SP,557.8499999999999
08d0949a9a17c027262db1f3c450c26c,PR,557.8399999999999
c026ef0d72e9132d9fa112308090c8dc,RJ,557.72
48e954b2da4f6a750c844173b347ed40,RS,556.81
c1f12f926d0ba950578b4fa41115cbb6,SP,556.56
bd149ed516d4c5d418d5781f8e18919f,SP,555.9399999999999
a7dc4098e4da6e41b426269d12ae7e91,SP,554.45
0ddefe3c7a032b91f4e25b9c3a08fca1,SP,552.9
404e1ba01358af4cd63f679b2c4d1fa1,MG,551.73
86ff3eaef0267069cc891a2ed9d10a17,SC,550.36
4049512728d969bec69f84088b012416,MG,550.27
5dc203c7b84a0e71e878a179de05fb9a,SP,550.05
8fec2e460530482132c436cfb5439925,SP,548.61
fcba71d4d5db057f43249145e4eb1e27,SP,548.27
ed9eef5be0992d413d251fadba1a410d,SP,547.34
7e959205cebc10adefcb331f934238a4,SP,546.5500000000001
265fdc289dffa9f1ad801c74f7d0de47,SP,546.55
3296662b1331dea51e744505065ae889,SP,545.51
a53f60f05f822b5c621a50ff6a5cb362,MG,544.53
a5bff0f43eb51f0cad7c37fac7244c8a,SP,541.27
f88adb15807168d3c43d71021090ce4a,SP,541.0600000000001
079d295dcbf06ee8bb1b65ba964eb2b6,SP,540.09
2c3d56f92f360fb89d849b84e8f50eae,SP,536.86
117cfc326c6d50da67ca858ff5c0c852,RJ,536.08
b29d3380981c51df13fc6fbe87e1763d,SP,533.88
e5899683388855d3dabe8913bbe365de,SP,533.86
eebb3372362aa9a46975164bed19a7e7,SP,532.8
0249d282d911d23cb8b869ab49c99f53,SP,531.88
20a8b0dc55da94fe74d112082427c84f,SP,531.38
6b803197e03abd5056b4313306b4f29d,SP,530.62
feb793c88d836c3a75efa4b5a3465d70,SP,530.17
83a75eea11694e36e56dd0cb2240229a,SP,529.47
ff1e15b778c700abdd4d239b81ac466d,PR,529.16
777a0c55737f34ffeb78010f7542ab41,SP,528.33
ead2bab70821ea148476ae9bc08548ac,MG,528.3
dff87e4de60c9736ce8df835951b09bc,SP,527.33
101a3a003516bc11253298b2fad3cb65,SP,524.0
08f5819815f3d06545011850bd70f0a8,SP,522.83
968ee78631915a63fef426d6733d7422,RS,521.67
c0e6839516f5398edc34adf5f1d53d1a,SP,520.84
ee2fbacc2fc3794e656cc4d933d59ce7,SP,518.7
35ef5aa32949680f627efec3c23e705c,SC,518.41
d90fe2229fee1a5da999ccd0c06c1667,SP,516.91
3985a3c45be355a4c57fde108bfabd1c,RS,516.2
c3f5668699a1b04c0fa61ecea1e2bff6,PR,514.9300000000001
761681a821d8275bc79f552116d06869,SP,514.9
41b14765bd56c8ad10971074380f9c0c,SP,514.63
5c853bb56f70f4d14218944bae111d7a,SP,514.1899999999999
29fe9f200d3fa0c668d2aa1ec7e08dfb,SC,514.16
c3251e13f1bbda6c74e37c160f991e19,SP,513.08
70c4eedec9cb4a85cda2f3f9673557b4,SP,512.5500000000001
7816cd9c5b1238e320545f5bf7eb80e8,SP,511.76
cc80e2f693fa6e2408f47ccf62413fc1,PR,508.63
9dd59e43f0c9f0553244e8f9c2fb247e,PR,508.12
cb0b3bcf14e0a709df412a99424a59d7,SP,507.43
f4ce8ca9fa7157e3b33f536ac9a4487d,SP,507.13
85cc55e048b6bcc90c75afe7f0e72f72,RJ,501.76
89de2d6f23e9746ff309705b23581faa,PR,500.08
7c4618c82226628831613e95e9c22f44,SP,499.46999999999997
0fe2d9733ed841eb064503920015a8c0,SP,498.35
ce20a2ec1514c25e16f2b5b39bc818f0,SP,496.03
79565f7d5603b24ddf07ade262547f2f,SP,494.07
41e0fa5761c886a630994a55c12087e7,SP,491.90999999999997
c714262700f93defc16bf17a51a4cb23,SP,491.33
c24173065483e421f9e5e7f599de101d,SP,491.21
98115075dd26cb8835946fc6086f5d30,SP,491.2
a35124e2d763d7ca3fbe3b97d143200f,SP,490.39
939e6227d6964a11a70aa91243e418f2,MG,488.25
92d14edfb62ee5ae7fdff70b0f4e7233,SP,487.65000000000003
f650a9708fa1bab22bdd8d3a818cc415,SC,487.48
dd88d13bea9e4c2bf47daf224f8141e5,RS,487.38
54aa8463e87776b5612f4bdc4bd5d4de,MG,486.28000000000003
ae8bfdbf1c2a2a2dee92d799db0a31c6,PR,486.14000000000004
ab27bbbad5239bc31a34709275a70db4,SP,485.04999999999995
0a82f5fb06a4fe4ac2cf7cb412ec71b8,SP,484.8
e546117ed9cafbc40239c0c78635c584,SP,484.34000000000003
e53d5b9b29d1218281f4a907ada18626,PR,483.91999999999996
3076499bbc033a927bf4a8a41bcf7fd4,SP,483.63
55c96925041a14097b6a7825554f4ad5,SP,483.37000000000006
bc30de0d71bd6260b936a026b5cf7200,SP,482.84999999999997
64c9a1db4e73e19aaafd3286dc448c96,PR,482.6
189ca3538ce9f920cacf0f982cbe223b,SP,481.67
dc50afafdfa325eadc890c7fa42a8f4e,PR,481.48
0f0c984a4a955310903b6b6008660bad,SP,481.38
392353362d22cc2c236e1ee81ff19890,SC,480.66999999999996
5275ca25d0358ca73864e0ae41be1320,SP,478.82000000000005
042573af89b6d931f672efaf789d8358,SP,478.57000000000005
2bf28e311bba65237358230cabac3f15,PR,477.88
6d7f8d9d594e28796b6b3205b00f459c,PR,477.01
a11a0e0ca67423425691db355cff69b0,SP,476.97999999999996
aec99834ab5d38ead22766ada8497e87,PR,476.51
a21c11ec5c3f03e7cc9f9203bff9e1c6,SP,475.88
6d2f2e3b539480db1e0842b3a4e32e6e,SP,474.26
34a557286ead8fe75c989e0afcf7d98c,SP,473.46000000000004
b56828a9f9027f3c918c04ca720d9e3c,SP,471.61
fc4751cfe3b279c419615b9b00c1abb4,PR,471.05
9853a239ab7b7ebbdc3a21248d5b8e1f,PR,471.01
1e9d5a33694bddb76316fd1f54734d20,MT,468.94
5e106d93b717c2682b9383da480364a1,PR,467.60999999999996
4dbd95a08b31ede5c82d3f861cb1ce1a,PR,463.92
f12d3c2a14729ae461b920c11fe20fdc,SP,459.32
1acde099eb406aa220b1169b188b42da,SP,458.5
57d2ba47f7a3209aa347532ae75c1165,SC,458.24
b67d6c666e8dce1d078c882825e12704,SP,457.03
9b76ad3d04236f76bc71c59470305e13,SP,456.63
7b7ed56ae755e2880f2b69632e839c1e,GO,456.6
d2f3e277560ed4c6361284429b00f037,SP,454.66
94d76e96eedd976258cd3278ce56d5f2,SP,454.17
a45314082d50d578a4721c9787ce09ab,SP,453.92
6bd503a8230299c9316fb0f726933927,GO,453.89
4e42581f08e8cfc7c090f930bac4552a,SP,453.8
78ef7e885d17f35e2382a47aae8b8cce,RS,453.44
27a56ff04b34c2ba34ce6ba4d3b9d616,SP,452.27
0747d5bb69f0586cc869d8af4c50f93e,RJ,452.12
7d294cf9a6a69dc6a0c3e540fff0e039,SC,451.38
c13ef0cfbe42f190780f621ce81f2234,SP,451.28
62760d278921b5f352461620d68a9cee,SP,450.1
1e8c6a4c538f286aee9573239740a4b4,SP,446.82
e627629ba868740e287800f1a9be81c2,SP,446.65999999999997
fe4cd9461203cee790d36792420b310f,MG,445.53000000000003
89bc797e2e29667aa035d4368f9b7f92,SP,445.47
73da1880b39c71de2b262bc7720c1494,SP,444.99
d5c530f4884a75ae0dba9c148718d278,MG,444.93
d263fa444c1504a75cbca5cc465f592a,SP,444.07
6ee85be3693ed79a8e80718743d80655,SP,443.92
fa14641f57b655e933124a9ea49cd7a5,SP,442.99
e603cf3fec55f8697c9059638d6c8eb5,RS,442.99
615005a3ef192c00c6f0e977cee3d2bc,SP,442.14
5563732abe64c3036cb97ad924128dd1,SP,441.6
4a23adac87cf538689fa600d976f78b2,SP,440.41
a37c340b91cb0169e8b029db6440fba2,SP,439.95000000000005
b98b715fe9e276204e2a3464f48cd796,SP,439.53
c8660dcf9ba70575f45d80fe28c27713,SP,438.99
51209b446b2073894bdc0face6c73ffc,ES,438.88
933446e9a59dece7ae9175103820ca8f,PR,438.84999999999997
830379336fad8c6f3b15a4a3ddb5c66e,SP,438.38
0bfd0b434243adc5c2e1aa6baf19c6aa,RJ,436.99
12a8eb0f8d1cd3270695bf2a99f55966,SP,436.66999999999996
9ac4f14370b1e24ddc58be041b7f99df,GO,436.65
4e85b538b0dad58852641540686d0e14,SP,436.34
61b18775be84fb700a6b2d0ba097bf66,SP,436.01
085f6f7e049c996695fb2074fe38d45e,SP,435.96000000000004
a080fc8a850289b27500f6b49cca2553,SP,435.57
9d39404483343dd55c7ae254494d8388,SP,434.28
15ead3a5037a918ddb520dfe39a3d2b9,MG,433.95
559d56f3b8f0bc2e5a9a62fe2ce2a39f,SC,433.72
62d977e2b2aee830de3e039a28490d12,PR,432.12
f44bdc12aa39f5271f0b95f66cd4c289,SP,432.07
c1849d4d32d7a6cecd5aa471809d3135,SP,430.71
f7315bb81aea4ddca2d39e249a801c98,SP,430.08000000000004
97e4a63591ca439a2b8b7efd20e6e19e,RJ,428.5
31eec405c9bb71dec8e2629a92e764fa,ES,427.13
52092ddbd3a58c450a4459bf051b2287,SP,427.05
a64e44665225d19dfc0277eeeaaccc57,SP,426.76
a5dd1946fb63ada8bcaa0c9cd8f11e22,PE,426.33000000000004
1967a9e2ad6f51802b093147d861df58,SP,425.76
2f4b0d3b9634b647d4edee577d7ebb7e,SP,422.31
cbbd5ae8f53de5f5097cd8217b529e24,SP,422.25
b127efdabeffb5d559349c7b172eb75d,SP,421.27
d9d43faf741ceaa8da52fdbb81d9e0e3,SP,421.25
63191ead8d3b2f937cd1996fdcbbad20,SP,420.29
b88e7c57cb2d8b973b7dd4a2bfa14b36,PR,419.6700000000001
1b45169b635ef59425637e9a33eb5fb3,PR,419.35
3afc536624bc2e65bddfb5db33cc01f3,MG,419.07
ad75519a07f039025e83795a4418470f,GO,417.92
03bd479e1d9484cdb14104d3023f7321,MG,417.4200000000001
ceb7b4fb9401cd378de7886317ad1b47,RJ,416.45
499ec63c58e51296c9cf57edcfe1c8a8,SP,412.93
26b482dccfa29bd2e40703ba45523702,SP,412.41
8936ba0de1073ee888cb3185ae5dc661,SP,412.21000000000004
24c1de8d9551c0b4fbc53317d53efda8,PB,412.12
de66a66f2dd06bb9ec37aa96987466a3,RJ,411.92
a7ecf689b40a44361e259b28939023e4,ES,410.91
f18112da765e0971ca5d510dec322bdd,SC,410.75
76de363de16dacc923eec8daf91df504,SC,410.41999999999996
579891617139df7d8671d373f0669622,RJ,408.5
2e0dba2da448400b1c11d7b4b22f32a4,SP,407.70000000000005
131fcb0a0c9a47bba4474aacff0f14b7,SP,406.41
a435b009cd956ea60748b5cfbddf2e24,SP,406.39
09883d9ab71c8fe8a9bfc7fc3075b07e,SP,406.17
a806a4bb063ea7ca6d374eafa50a6058,ES,405.27
152ee17e4c8aaf53dac99f3462e4999b,SC,404.93
184725737946a1a938bbbd1a9e978103,SP,403.57000000000005
0743a0239d764b9a0f959a57d07e36ab,SP,403.21999999999997
333c4210e76a1aa2ab817b99437e3ff1,SP,402.42999999999995
9d489893ff6af05029671b785f54b998,SP,401.24
c113b8df1fc375bc3d73d29c1b1144d1,SP,400.87
69a43819c758c65a5befb0b471c954d7,PR,400.76
a3082f442524a1be452e3189e003b361,SP,399.25
38af8acfd46ac4a7bf754e8ca6736664,SP,397.94
173d56ffbd4c56cb80fc3615487d712b,SP,397.61
a0e19590a0923cdd0614ea9427713ced,PR,397.41999999999996
cf1313c6e2c01c2f4b014f97db4bcd2b,RJ,397.0
101921376b577a4540dc30e9009133ca,SP,394.49
883dd81e82754ac2c65e9790a7db8c9a,PR,394.46000000000004
da20530872245d6cd9d2f5725613c430,RS,394.22
e88c9b79e592e370d6bd852eeefbf057,PR,393.98
5c603ffb38cbbf25a0e0698941324143,MG,393.61
ad87df7699e83b8a91822a4a0b765c3a,SP,389.28000000000003
918717417d88a9f9ae9735567e6c7682,SP,389.22
b8a0adc91af209270c2c725168eb00fd,SP,388.49
52bb00821bcdd358a5a5a27e1f6be5a1,SP,388.43
df47da4ae86fa4db890d05aaf24e21d8,SP,387.68
249f0e9905a6e06ad6c6bea7547ab9f6,RJ,386.99
a9415cf907dfa12f9ed18693244f5329,MG,385.41999999999996
48bad451945f5227341793478d6353ea,SP,384.49
65a7c0788e4d632ccb5e1b594b87f0bb,SP,384.12
6da1992f915d77be95d7fa48b36904af,SP,383.66
c79151301b9d90985d1fa52879213105,PR,383.44
6c1b6d0c604b776f844125f911eb7377,SP,383.21000000000004
b9ec22de23f18567de0e09d776ca0309,DF,382.47
ea4e9ce63a2134743b4a92777437fcdd,SC,382.3
d7b2377bae6ace1b11fc69a11900ac36,SP,381.56
2a73cba571d90c694b7caca072ccf6ce,SP,381.47999999999996
a2e85714b56b1cb6bb24a9a6e6cad36f,SP,380.44000000000005
7dea6f73af847b42cc3985bd620f994d,PR,380.17
aded58c8142dedc5494a81f948431fab,RJ,379.48
86bf77bdb52e615674772d5817c6212f,RS,379.38
51f108f62cb87d61918159902c8f8583,PR,378.76
2d22fc3089eb907b29ebff50581fb472,RJ,377.39
3d01d1c414c44b5943a09619ff3853cb,SP,376.82000000000005
8fd3b4468f6425810648177996c14cbd,SP,376.57
8fff28c4263ddec387f28d237fb42773,SP,375.67
debe6615cd90cc0c2eac2b8988e1f628,SP,374.03000000000003
9b00cad94ef3078faf6fba2e792c158f,MG,373.82
e83e93b71371817b11d78a63ff156aee,SP,373.38
a7a9b880c49781da66651ccf4ba9ac38,SP,373.07000000000005
2f4b9d112bfa44a214bc6cef085d17c8,ES,372.08000000000004
c76d418370990614e89e956c7a7567d9,SP,369.77
9cf787a239c1aa29dbd76f153dc13f9a,SP,368.4
6d1b9c9579132c87d2703ec38c30f2c5,PR,367.39
0cab2da43793a6f3c5ed8514c5f54627,PR,366.90000000000003
3a3e46d10f74d8a6ca76e2b538f106a0,SP,366.57
12c2ed9cded6138cf0c75f525f565fc7,SP,366.01
8c9348f33ae3dada25c99c99ade2af78,SP,364.93
7957cac1a02f45d0a4a7e45626382ec2,PR,364.64
5ca5d579b5857ee8709479b1047cecc3,SP,363.88
2b402d5dc42554061f8ea98d1916f148,BA,363.78999999999996
4b98b0428fc1932cc2514ef9ce2505e6,SP,363.42999999999995
f8d5c7085db9a4ad2b8c1ffbeb2798c8,SP,363.40999999999997
2b3b9ce054da76a7428df143a567b156,SP,363.28000000000003
dbbcfe2c8d026742134ac3e28ccde274,PR,362.96999999999997
2c538755f1ca9540af144f266e70df6c,MG,359.91
9c3c24eca51c52b91c1de727d2a2ae06,RS,359.52
dcf3755cefcdc158ad0b7bdde51e871b,RS,359.03000000000003
ec8463980a4e0ea9f8517aea1ed0c419,SC,357.96
ea3ebea5317b0efbc663ecc8ce5e9bc2,SC,357.35
7fe21dd00d2f4943ae09525efa2fd674,RJ,356.96000000000004
6f1a1263039c76e68f40a8e536b1da6a,SP,356.84000000000003
1703bc09972dab9782e7a9194943b69f,MG,356.11
bbe87dce25ba8b38bb61cc7210a3f10b,SP,355.39
b76a1f8356322f12529c37b67d5c96c2,SP,354.89000000000004
a81466620e46a6970b22ef40379fdfc9,SC,354.78
adbe70ab2c97442046d393988c8d1d27,SP,354.65
d149de2f383552baea37a7198c2296ce,SP,354.37
d65f31d2413268e671989503f6cf9993,SP,353.51
ba89796db68db180bd389de96b2ff3b6,SP,353.26
4dc646b9b9e8e411ef48ba000ea3ac6f,SP,353.26
7f35f9daf223da737b78738fbae4d977,SP,353.01
0ec28cec4046a4a199b6de9b4c891d97,GO,352.64
77714512e8d4dda9c234da8e3faf16e4,SP,348.97999999999996
46ef1a25845fc051c2998d878354810c,MG,348.45000000000005
4e0d109ccfba9a1151c103049880c857,RJ,347.73
5236605f4d4b0b3e4df85b850393fca0,SP,347.48
eb9267cccc90f1b49c8d2f9887c7dd97,PE,346.27
508808d438fe2ff972ed13bb8f4a82e2,SP,346.03999999999996
71593c7413973a1e160057b80d4958f6,SP,345.34999999999997
2d9e8987a2ea5cf88dce330249043ff1,SP,344.17
c990d6cf976a5718aaedc539f383ab88,SP,341.99
90b36c5aeb728d5504a39f435bef0c5f,SP,340.23
d36b07fd3c5088e477a72d1fccfe29d4,SP,339.85999999999996
94c49f20a123aeb9360dbf80ff912bf6,SP,339.29
19a7c9f66ffa6452ff4b4c0cca71da27,PR,338.74
e94b64dc6979b302a5a5be1662c83bb6,SP,338.63
33d677f27a69b84051204ee4ae76eaca,SC,338.49
e819bcfade7b5d88a27325eb6cfd62c5,SP,338.25
c5ebe6598748b0aeaa61cfb820478b92,RS,337.16999999999996
c70a353f02429c00775a46a75fb787da,SP,336.94
4f40d2ed38d1cc945364a7cd202a82c7,SP,336.89
c0f783394e37cd9c9d7f5f81141450fa,SP,336.75
e83c76265fc54bf41eac728805e4da77,SP,336.49
3b18f9856c6eb2413eafedb58e9eecd9,SP,335.09
3dc69bf2c42f0568a5c4791ec3fd3745,SP,334.43
baa49d93c8c8841e27400a300f5d74b2,SC,334.42
20611af7866c6068fd5ae1f9dbe15c92,SP,334.3
21d59342ba150175ca2aa4f8faddeca6,SP,334.29
94b9108d4b637ba65bb4f1e53cfcf8d8,SP,334.09000000000003
28405831a29823802aa22c084cfd0649,SP,333.18
c611f4ce9ce875bcc063fa97fd4d7d12,SP,332.25
32f1bb9dfa65bc7df5c0d9d95a616be4,SP,332.17
83c465a786b06574376909b35ef6752a,SP,330.46
14f2b3587172b9db894c9bad8dab520b,RS,330.06
661ad5fcc28cdfb8bcadb12bb2272475,SC,329.71
5733d806668f8712c24b9abaefbfa642,SP,329.68
bc39d8938f90a3a2b98193723ed59774,SP,329.11
58e4b302b54937e55a678c4d15111da4,PR,328.85
bdb3edbaee43a761e2d4f258dc08f348,SP,328.36
48b6c3f4c6a93171da04b75313f2130f,SP,328.05999999999995
0761743cbffb25d7148189e9f1a5f03a,SP,327.4
ede2977fbaf3738583170735ca403f6c,PR,327.25
f410c8873029fcc3809b9df6d0b28914,SP,327.1
10264f60a8f0a4d2f30810f5c661c673,SP,326.46000000000004
5194c22ed1f616ec0c0f33c571542879,MG,326.45000000000005
9b1ab052f5fca308ba743ac789ebb2e1,PR,326.08000000000004
ebd1417732defaf66c50b5a800eb293e,PR,325.33
25debeafbce801fdd479539350185eee,SP,324.97
2ee0a0689f2f6a72f35a7cb6033f6e7e,SP,324.84000000000003
aa762680c40618316a896838866140ea,PR,323.46
ea1776927851da2532aa70d6a32c095a,SP,322.08
184a67a8f9f63234d3a92340bbdb727f,SC,321.83
252e76235acb79183cfca6e34f13337d,SP,321.77
800214c63934acd05d47e84214db8ba8,SC,321.34000000000003
6bb66d9870c2e01c05655c7ed0e7ee13,SP,321.02
c9e5ad1f6647f5dbd1172adf6ae3cada,RS,319.97999999999996
d73cbd89533ce8b041a9190241453ac8,MG,319.29
9539213aa8e023c01937bef95dc006da,SP,319.03999999999996
f626e15b7314c267e4429010866f70e9,SP,319.02
b76f4d90e85657a240495c876313adc5,SP,318.3
422be4cc81a457fdb46f47edeb968ae5,SP,317.37
c3fe93ba3085f92855c97e57f38c8c05,PR,317.18
6c6e3d67f969468f3bfd33f827a31222,PR,316.41
53088c75f948b48a7ece173ac17f0c12,RS,316.23
8dfbc5ff27df12f6cef751d3b9554222,PR,316.12
485452467ff670447e84a8370c3fc898,SC,315.43999999999994
04ee0ec01589969663ba5967c0e0bdc0,RS,314.32
31be790e64fc99f8ff48ec2bd18a3104,SP,313.68
87d73636a3acf123e842bb890a4db036,SP,313.60999999999996
f00f5b35d0abcacbdd863672f4bb2c1a,SP,313.43
5721089ba9214e80074f27d5a03fc0eb,SP,312.57
b2bdc5e7940a7d7ca8c4a37953b27a42,SP,312.49
a9ae440659f48b7849df83e82734150b,SP,312.02
94ca168e8bcb407ab85c5da308863027,SP,311.65999999999997
72146da5774cabf2632faedcae097a76,PR,311.43
08ad4ac1388e4420ca531c3edfc46198,SP,310.66999999999996
d594982fd877af63ace38ea1fca27c76,SP,309.7
13d95f0f6f73943d4ceffad0fc2cd32c,GO,309.32
446cc09cdbb130904da114e807dbec40,SP,306.97
3c88ed2e76a2247933a15daa7161eb1c,SP,306.2
d2572f31e9023e9850ef986a636ff9bf,MG,305.69
85044848b1b767db2a4a58526adef4b4,SP,305.51
9c54608f0996c32ae4743089d915f845,PR,304.72
aadfe0417e61315688b6bd7043361e25,GO,304.17999999999995
f682e0f848abafc6f41e0d4e868c66ef,SP,304.0
fb8904a8ea99f8831b64ce27db2c1765,SP,302.36
ebef8d8c92b4fd3226e5d407bbff21ac,SP,302.06
353e21e8bf8de2722b4fae1636664b76,RS,299.89
f419677537694f0462a91990df6ca44f,SP,299.28
f9bbdd976532d50b7816d285a22bd01e,SP,298.37
f7df46c1e0ec44eed5c6726478da4a17,RS,298.11
d1e2fe627180431ffda076abb303c56f,RJ,298.05
9a208dee8f95cfdf00760c4d627828ec,RJ,295.98999999999995
534a01cc6df1e034e05c32028a291fa2,SP,295.45
1e483cc5c76fef08d3ca05f9a8af7d01,SP,295.07
85ecf03781da592876b7844acc1b729f,SP,294.9
88ef59b51bdaa941d10a853429f2b6ce,PR,294.7
0e44d110fa6a54e121cb2c095a77762f,SP,293.38
58c851d1a3c7cd3da329eb59453fed44,SP,293.26
024b564ae893ce8e9bfa02c10a401ece,SP,293.2
1e26c56af8d48424e1df0140a2401f83,SP,292.39
1e47defeeadeca0e9a18fa5a9311e735,SP,291.62
8060d731897e33b5c5ae575ce1e209e1,SP,290.95
42b6488f5b8246d9141712abd4b1b693,PR,289.8
bab0a8cd684e41ba6e2637dca0979d3b,RJ,289.03999999999996
8ccf3cf69651cc1d8a02c8bfaf3b8568,SP,288.63
88ae906ea2acf6971f26c3e8b7cb4357,SP,288.01
10cdd491d1dbea8fb4ead97b19c334ce,MG,287.76
6548c2550b6e2d8f18053216e1c7b6f3,SP,287.55
e88f7a2995ba184710d339c5c4bf2e30,SP,287.51
57fe6232e67823593374a2281d7a8af8,SP,284.04
ec5c1d94df153d473b37f880977ae58e,SP,283.74
483ca627d131e18f988349b1655c0acd,SP,283.73
ab9db4cf53b08b828b64dccaafc2d9f0,RS,283.6
ae45ad30c2d2e5913094769690a239d2,SP,283.06
50bf89f1349bc0409a268c3a49678009,SP,282.47
b57e8460909fa137df7951b4a3b5ea84,RS,282.14
2d2322d842118867781fc737e96d59a1,SP,281.37
984c273121e743dd14767befe6cb17f5,SP,280.91
4ea2f12dbe91deeacd2c1e74f069a6e6,SP,280.27
23ca5f678e0b3ea6c630b30fa8bf51ea,SP,279.39
5e25c632f9db6cfb8bc100421c2737b6,SC,278.91
e45edf75f568ed2f93f78d060e246e25,RJ,278.21999999999997
5d505d2298ad549e4e4e835562fa0c1e,SP,278.14
954e95f20808d7e5d11f0de292d078e0,MG,277.96
70f7e8018e3d46c748c92f026aa2585a,SP,277.68
3fadb4cba4c35bce6a7eaf9872d5623a,RS,277.52
75745ef7bc7d4f3ea3380f6f5303f514,DF,277.32
0af977692321d895349eded183341d28,SP,277.22
3d49bfdd1b43a7fe169b3740067acc61,MG,276.82
05e107217c7266362fd44b75b2cd4cc4,SP,275.39
5e9f5bd34e0830569f05c9d4f56e04a8,RS,274.86
e64882b4ef12aee8d0faca4db5b681f4,GO,273.22
929f342384a6607afe143d789ade1316,PR,272.76
c0aff2da32c17759d30b22fb0af6649d,SC,272.33000000000004
d9cb0052a666de5308b32f32ad5f1b1c,SP,270.49
578460d8319c51dab351cd9db95eadfe,GO,270.45
28c7d8743fbc8679f484868cc0fcaefb,SP,270.36
4c1c7281388a33dd06daac44f9fadbd1,SP,269.90999999999997
e5d4b2b0c3bca22085f7a19a28de0c42,SC,269.56
4e2627090e6e5b9fabba883a37897683,MG,267.62
1c56ffe0e9dea2657fc6e95b53f40b13,SP,267.39
33ab10be054370c254ddfcf0a6253422,RJ,265.53
cb32766839f443db85c82a43c4a6c19e,SP,265.51
f8e2c1b59cd4225a3e4fd0d013a76b93,SP,264.43
2a50b7ee5aebecc6fd0ff9784a4747d6,DF,264.24
f3975e8a41157005d4bcbb358678cd9b,SC,262.78
efb628aa07c8ca93d7db0d85b91a4f5a,RJ,262.1
fec6912baad85d41729669edd6b4d3b8,SP,261.97
615c3462099ffa940d37b17dfda19594,RJ,261.05
762fafdaa57a532ee0119731697579dd,SP,260.87
4ce8b55b4bfa4659184e7becc1fba3f2,PR,258.87
3dfd3dc96f7f8598eca74e9ac8a2fa31,SP,258.7
8a8835a43bda99fd37310ad76c457510,SP,258.54
902c99f1ac505c0d18778b61bcd636f7,SP,258.12
81ed90f07c0bacb7594940ba2ef676aa,MG,257.46
7f5e4d5efad7e44b91115dd1decb65f3,SP,257.32
5a9c0859cb00fd8aa4db443837f0a700,SC,255.59000000000003
e0a3c37054ade6478d923a6efc10f308,SC,254.98000000000002
269c5fc9fcadee614364c3620c30a1f9,SP,254.71999999999997
d1a5cc844736958c11b8efab9a2b4c87,PR,254.01
3bfad056cf05c00dabe2f895925d83b1,SP,253.35000000000002
8d92f3ea807b89465643c219455e7369,SP,252.77
1746c1ae87ac63d530c7c943d0ac42e2,SP,252.35
3f84fefc07dc159b268d4a77d3e8c425,PR,251.92000000000002
740205fedfe4e90ca6857bc77db0f2b4,SP,251.83
ad8b531ae67582f096925cff5630d0d1,PR,251.49
b05b432bf68945d4d9783f9e3ca29ee8,SP,250.89
e59e575a175fadcadf8479e191770425,RJ,250.88
fe8055980a4ff7f64ed889c2b5926929,PR,249.98000000000002
72431a818f97fe6ab9c81eee3e297e54,SP,249.39000000000001
a663d9c3797e90eac99ff60939416a56,SP,249.08
bec568278124768c474ee90971ca94d1,SP,249.06
74c7dec0a384d8a05950e629bd23bde9,SP,248.88
a0a14e50070f3225b3eabba5b85da517,PR,248.64
7d484ca289afaac6bf5fc6a1e96d2226,MS,248.42000000000002
50770d25768b0486d89be26afca3108f,SP,247.86
809413606dbfe5deefd2db646693ef67,SP,247.05
643c01d7c56a724bec0454f4780e8a3e,SC,246.65
3442f8959a84dea7ee197c632cb2df15,SP,246.60000000000002
bcc9dd23e2a8bd8267cf92b19304a1b9,SP,246.22000000000003
edf3fabebcc20f7463cc9c53da932ea8,SP,244.02
bff9deb0ec77d437f3305a79cf25529e,SP,242.74
778323240ce2830d68aab11794e00bfb,SP,242.43
2075d8cd4dd63ff12df0749a5866bb06,PR,242.23000000000002
b01c2b7b8599b325103ebcddc67413e1,RS,242.12
7e3dde9ffba72d5340f9aaf09b4424be,PR,242.03
90b57083da5d803237da74daec6dcb2b,PR,241.20999999999998
a218df5c097b0ca409cfaac1488cc7f6,SP,240.7
eec3469d83e142f9a104886655338c37,SP,240.44
034b9387752bfa309f350a70cd45ffa3,SC,240.26
762ed976527cddf02787edba70fffa2a,PR,240.11999999999998
0f7eea709efdf942b5f95c7516dbacd7,SP,240.06
586a871d4f1221763fddb6ceefdeb95e,RS,239.48
31e60bf8d103ce47932a85f5562deb16,GO,239.04
7d948535954aaf8c5d39db007f74372e,SP,237.8
b5f49fe968dff6b112861e6cd8e192ef,PR,237.67000000000002
7ad41305e96a6cab8294cd65891e9a86,SP,237.6
1de62b6f2fd96227629786db492433db,SP,237.53
f9eda05b67bef472deaddbba84aca289,SC,236.79
751e274377499a8503fd6243ad9c56f6,SP,235.84
89d9a386b0b6e5fc8403071b03f7206a,SP,235.25
3d700782d7818f2c1e0d7a9e9d75fc00,SP,235.11
9da15f4a4ea758d9eeb49000dbe57e22,SP,234.61
e0482f2c769468c3bbcd8a01e09d98c5,SP,234.4
3d290fe363c60a77498c1126fd3fb8d3,SP,234.04
a4b8d97cd5d3674eeff96abc99d8ed67,SP,233.38000000000002
dd8a29ce82d5c705ba932d81494600a5,SP,233.25
4f0d637c1197fd65405ebd755ac9f86b,SP,232.47
ccada0ef508e698917a6eab263375905,PR,231.96
e503f22be6a4f456d9851920a5d9c670,SP,231.34
478bfe564db21eeb44386606aa30b650,MG,230.8
cd52a8efd71af3336b14b5039b951cc1,SP,230.54
fc6295add6f51a0936407ead70c1001d,SP,230.51999999999998
d8dd176509baa37f359644d082bf7f7b,SP,229.9
8def3db7f272735afb2ecd03aeca09a7,RJ,229.64
6f835fd4be26989b1b064399da346143,PR,229.25
2cb4700db635baa1c0d4f90ed27b6669,PR,228.72000000000003
3fe7120d6257285ac6a3ce7cb071ccec,MG,228.26
2ea0861cc19e94cad86438c984c52da4,SP,228.05
23ff42c4bf1f8f16cddb19d8b972974a,MG,227.67000000000002
f35becee938e982bd615edf8ef12bcfb,SP,226.81
1d1bbb8ac1581824986f582583fff01d,SC,226.47
f356c348fbc8df6a882823e21f5ce8b7,RS,225.65
f92d8c817434bd2d84d4e9c61322b7fa,SP,225.61
1cbdc7cf130a41fd13a3c2a7d2fcfda7,MG,225.61
3fefda3299e6dfaea3466ef346a3571a,PR,225.21
c747d5b92c7648417faea95d36d763e8,CE,224.75
8ca5b19e0263150d2c57afdde2b3d011,SP,224.68
651530bf5c607240ccdd89a30c9c9712,BA,224.45000000000002
377bc18334c78dd2f1535ef22a3ad225,PR,224.44
c32fc744b9160ac853450488e3cfea93,SP,223.52
f5403d3f50089112c4eed37928b7f622,SP,223.2
c5e60e39c0f42b8e827daa13cff74afa,SP,223.1
9e7c5f4d7770eab65738cca38f9efccf,SP,222.88
4d9fea3499bdc22aa4da4e339365f215,SP,222.74
747c1cdcd1737dcfbd1547f6eb6f2cf3,SP,222.37
52f6f9f13ba19504c02781132a049e75,PR,222.13
e9874ae10b2d60d43917b6bbfa13a599,PR,222.1
b7e1750c1157341d2abd0251e07c186b,SP,220.56
717b78b0950b51ed00b1471d858b0edc,SP,219.75
19e0f40a907ec568c34bfac15de4f4a1,SP,219.62
5db42a6cd9bf1bf0d3aab9582767f168,ES,219.32999999999998
3289d8c3eef4873f91ce0b1343c0dd58,SP,219.27
dda37071807e404c5bb2a1590c66326f,SP,219.27
9cea4682e16655f7da87f406902e989e,PR,219.23000000000002
f26d70155c2b6326fcfa1780c8c684e4,SC,219.06
c360e4787614ed31ac7a2f95d3b22dc6,SP,218.95000000000002
ca7c6bd577e559472af1c699de9e764e,SP,218.82
538caafddff204241cecbf3a02e6b3cf,SP,218.81
a3b0df0065e264a91b7bbf5f844af5cd,SP,218.75
99a25c39b28a74d1151c35c18d178292,SP,218.7
dbc51f5e45d654ecc16cb68e6817ecea,SP,218.13
63b9ae557efed31d1f7687917d248a8d,SP,217.79
3a79f35a2344ede41af21267f61d5ec6,SP,217.71
e1bed63d68ac36fe1f3061befe196af5,SP,217.0
213fafb0ca06fb3d5886579c2565791b,MG,216.86
f307937c1bb287c3efc2a514b94b0d1d,MG,216.60000000000002
63272377184e969942f7fff221be858d,SP,216.23
bdf0d02d36a1d839d0c39c4a887cdd49,SP,215.95000000000002
039b29ff3b3473435d0cd59040575de9,SP,215.55
c04d70d515d15a7e3db3a73320598566,RJ,214.82
4450bd8327d471c4a11a83d1445b1b62,SP,214.56
1352e06ae67b410cdae0b2a22361167b,RJ,214.1
5659d77e8d90378e39b960ad5956f64e,SP,213.13
78ba5933c21686d1c2f64669c8c459e7,SP,212.57000000000002
c353f8fc0ce8344999f17d578eb69a5e,RS,212.57
19484c79cef6c062cb177aa4ef2fcc3c,SP,212.06
98dddbc4601dd4443ca174359b237166,PR,211.67
fedf2c1386e137f296b3bbf3b635e69d,SP,210.9
4a82c4af97ffc0fb2dc26bfdc03b1842,MG,210.89999999999998
b906dd0e57f282c7089171b6ed07982e,PR,210.75
45c20d94d9171b0bcfab3c955e47d67b,SP,210.57
8e34331b7eedd03be4e5d965c1956225,SP,210.44
22c32ec35d0116ef02c281798a25bf8b,PR,210.01
6ba4733aa33f6386e9fb0c0fd3993b38,RS,209.88
4bcec44888b30ba9001234c534716d3f,SP,209.23000000000002
7d7866a99a8656a42c7ff6352a433410,SP,207.38
b00af24704019bd2e1b335e70ad11f7c,BA,207.25
119c7f1a00ef43fad0e57604e76a747c,SP,206.82000000000002
0b64bcdb0784abc139af04077d49a20e,RS,205.81
0692610d8abe24f287e9fae90ea0bbee,SP,205.72
d9c349beabc06aa6ff1c6d68b5e9e22e,SP,205.64999999999998
43a1d4bab73b816e44ef4e4facd9f9b5,PR,205.4
bd0a1b0aadca9a83d9304f7e8ff5fbd5,SP,205.19
7adbd3210a7b3cc2235e225eef33574d,SP,204.86
7cf4ea70955b00d6b3c22542598e2715,SP,204.81
2235cf78d3e2073a88146a9cb60f0dd0,SP,204.76000000000002
83d7070a0b9a8b4625fa8682b819fabb,SP,204.59
964ff64dc05b13811c6d0f41e0aa5f6b,SP,204.06
698f5fa55a5f73d0740e9d9a773e8093,RJ,203.99
5a9b3bcab695173c820e53934574ae80,SP,203.76999999999998
aae5953b9edddf14749c0d65d60eb4b9,MG,202.90000000000003
686886775c8f6b1191c7b953fb52708c,SP,202.62
bb3dca718920a4d7ec3cc9ffb025108b,SP,201.7
d3e7d37c0df9aef383f3f2a15b0dddfb,PR,201.34
0ade5cc4a305ed7093a23f68ca47519c,PR,201.26999999999998
5def4c3732941a971cba8fdee992ede1,SP,201.04
78813699ffac347fe27dba345a5f1551,RS,200.54
51a04a8a6bdcb23deccc82b0b80742cf,SP,199.92000000000002
4dc2e811a1760953cb7c6a590b498943,SP,199.84
c7c7b2682c648339a0e9846bb1023a39,SP,199.68
88cd3681e0a2ba85e190f7d817629c4c,SC,199.36
e1643dff33666ca629e3644c02738179,SP,199.31
9dd459b29a14bf89d47183cf2cd0e4c7,SP,198.82000000000002
b9de031b671cd48b28fae9d828cbf2b4,SP,198.69
880ce4951cf857ab1d9e0b75c1d856f4,MG,197.72
57df9869a600bd6b7c405f2a862eccfb,MG,197.20999999999998
6cf476a4ca74498db55cbccdaa9dcfb6,SP,197.14
52a50b42accf164f9f019941e5759d9b,SP,197.02
5f0057b677eb963672bf05dfa3f16c34,SP,196.86
d2df77822373f19934e87694d8640767,PR,196.4
94165aea8a35c3c21499cbcae239b16c,MG,196.11
15ac3c501e2599e4917316fde5c5669a,SP,195.81
9c57bc60cfad5ee62d35d3f1ce4593a1,PR,195.43
6a53b90c3ad9e0b56d9fe5c69165fff5,PR,194.77999999999997
56f413900b5166ab4d730e9ac0b12cb0,SP,194.24
7c9130f5f3729edd32aa059141d92484,SP,193.14999999999998
3ea08c48e851106d2f584349daba335f,MG,192.94
533d46c1b06970e99f09523a61df4972,SP,192.62
ea846a0e7ad98a741783e886d89dfa44,SP,192.26
0e72c1a751b496722a6cb1f10653b62a,SP,192.10000000000002
2a7c6c0b0d5efde2bf75ec1e1cec2d41,PR,192.04
657969cca82e884d272385ec0ef06edd,RS,191.56
6902157ee16728322d61a1321fa79e58,SP,191.43
044668ccd5316b12a7cf0d54a156e3e9,SP,191.35
a9b533a26e898b12e8b8d4c07279bf4d,RJ,191.06
dd9661d3cda1e6feb237f0c4d8b26f2e,SC,190.98
a154d7316f158bb42e6fa18bbe3afd3a,SP,190.13
26e13b6ff5b641b329e5524241ee2c93,SP,189.68
8fbe2ee446b97e128471be4ce983dc0d,SP,188.5
05ca864204d09595ae591b93ea9cf93d,SP,188.42000000000002
5566627eab3fe93fd6ee08798226101a,PR,187.81
98e164d549402270247f3c96a1a158ef,SP,187.42
578fa3a9cb6b6dceab39231ad59cdaca,CE,187.2
ef728fa1f17436c91ed1ccd03dcf9631,SP,186.82
c8143b3069f6746a77421b5ce30a450c,GO,185.88
83c8aafbefb034674a70de0eac5b8954,PR,185.87
44ed138eca6214d572ce1d813fb0049b,RS,185.8
7178e1eaa97257d8b6d4b80efd77a025,SP,184.71
2ec6e37d992a95eaddb3369dcbcc76d9,RS,183.94
5bc237df65098fe211bb4818f4d26d78,MG,183.89
0daf5180aa44356f60f8effa533b55a2,GO,183.63
ff82e8873fba613f2261a9acc896fd84,MG,183.53
695051e2981c8b19e77cafe450d5bdf3,SP,182.45
8e4f041ff58e7845456d3482524014b3,RS,182.39000000000001
8cb7c5ddf41f4d506eba76e9a4702a25,GO,182.37
aa2640d851ec322526f1295bbeb20092,SP,182.33999999999997
08061dc0fc165ed41288cc7acde738ee,SP,182.22
e3e290b38963293022cdcd6db8328103,SP,182.04
6601ee6383e7f452be71929f8de48bbb,SP,181.94
99cd94252748d2bdde08e17858233602,SP,181.32
f1ce5fdecd64935c28b9ff932751d0dc,SP,180.53
ace601496e211a664100321f038f50af,SP,179.92
5444b12c82f21c923f2639ebc722c1ea,SP,179.46
432c67955c0acd1fd6b0b5d678766a71,SP,179.35
913fd0ebba70bb919f7254a02239173c,SC,179.12
1927cdb9fa74f5270097f6250e8e8f34,SP,178.92000000000002
e09887ca8c7bf8a4621ce481820414ef,SP,178.66
fc38b5dceee1a730fad8853453437fbd,SP,178.01
f266295f49a28eee21f413e0cbb0521d,PR,177.94
d26aa40b90272d4843d63be7c1462c8d,SP,177.42000000000002
077c5fae4bea9500e3737b16f71b9d3a,SP,177.24
96f7c797de9ca20efbe14545bed63eec,SP,176.97
76d336555bb25f3165d2f0d6da719c40,SP,176.76
89757206b887aed36f3e18d858460fea,SP,176.14
7a188843479798ca813108fa7b959286,SP,175.85999999999999
553a440137d6e0cf776aee0bb83ac9f5,SP,175.14
dde698c6d0bd24834c586e5111c2bba7,RJ,175.09
9bade61a92bed55a25d2b67b9f4ed739,PR,174.8
fa8d335d68129e464e60c1826a683e96,RS,174.68
e9c2dc0dd4ac38448289be644ac94f42,SC,174.61
818d28f936e791926d33bcb6ee94ef79,SP,174.28
ce3ad9de960102d0677a81f5d0bb7b2d,RJ,174.21
2039c5e51785b5dde7cf93ccb3b7be2c,SP,173.68
4dab98ca6cd6d3df586203cefd28a042,RS,173.23000000000002
c26ba52cf8d2f34915f2f6b7ffa0a3f3,RJ,172.65
fc0b214b59a83615fea981c6424a02ae,SP,172.04000000000002
fc908879b9ca1bd65419e54e50432d38,SP,171.88
2f9b7ce230a057a98a9f5df5893ee36c,SP,171.85000000000002
0b3f27369a4d8df98f7eb91077e438ac,SP,171.39000000000001
37303482a42fb700d8d127e70a9cd6c8,SP,171.38
3903c788ded8dc03b5ebab37a2f3e9a1,SP,171.25
f049a72cf58fd31b11f8919cade515e7,SP,170.99
44717f64ec2a457979cf83c429077666,RS,170.91000000000003
3442033154be05bac582e173ef54fd12,SP,169.39
4867209cb29b56b92893d7bde3ce8012,SP,169.15
d8b8f2cf9ff6ba0389072541cb42498c,GO,169.01
f3041c2e75ec683697a6a5ea82192210,MG,169.0
2d34636518ba88f5349b732fcf8ba2e4,SP,168.63
0b09101900100c0e9d312861fad5a1b9,SP,168.36
9523fb39dd240aa958e040f8183d64f3,SP,168.29000000000002
bca9230d3bbb4efa51872bf605a2f1ad,SP,168.2
50a7e551a7b3f8d37cd6e32d8bfbe5ea,SP,167.96
d3891911c2feae53c52fea2bd14054e5,SP,166.99
1e47d8b6546eb3a77b1acddcc9406242,SP,166.71
941554c5757b73ba0e50aa7732310afc,SP,166.35
57a834594e1e9e9219603bfec184eadc,RS,166.05
7c4adcc13272c0e26fa23aac642adb7b,RJ,165.63
c398bc00a606d33758afd91f4e64fd15,RJ,165.5
49f8d2ea7b718d0ce587d34207caf2b4,SP,165.26
c7bb64409aa480bb7d0335faaaf3d242,SC,165.16
dd39ad39b5d3df33037e141c72497ba6,SP,164.85000000000002
9fe7c6641c79970ab48185498f547c09,SP,164.71
4ddeb3e828550cddc8d45c8bc36ab2d1,SP,164.45
fd312b6bf05efac6c3772d5b52205d8a,SP,164.32
47f55702f598c7c6cc8458b0fbc1c49a,MG,163.39999999999998
391bbd13b6452244774beff1824006ed,SP,163.2
1b0b0f4f95e962d6f32fe90c759d0479,SP,163.17000000000002
59bbc819b99a733f02f0d6b49d1c253d,SP,162.75
19d62d484cba71963c93f0f00ab42013,SC,162.59
3bb32fedaa74e4ad20f4ce067733bd31,SC,162.56
8cf21434553b02cbd37c0bbd07e041b0,SC,162.13
f664f98bfda2eaf266a23ff144e7a872,SP,161.8
461ff5303b6c9c1a4a07f40c5aece516,PR,161.43
398cb257329ef7af7f1943a8974a3cbc,BA,161.37
92c8bc6e8f925792247656fed09aad65,SP,161.24
8eb88b0acb3f90a717ad659221471fa7,SC,160.67
a89e143d5211473ae18db9577ee34b64,SP,159.68
e8ff5a6ceb895583033fc2a0f314e3c2,SC,158.96999999999997
ab91571efab27993ff2f6b36e38055c3,SP,158.93
36f98ad67cc981f50ce8aed093d5783c,PR,158.62
3f8247d0f772ffa58560e5c682521ad5,SC,158.45000000000002
1fbe10c70e30765ed1de86d9f7e98409,SP,158.10999999999999
e82de6494d91d3c4c54450f59b227a94,SP,157.7
741f8c587cb4248ebc5b779a0e8e0e51,SP,157.64
be1e9e378700cecaa4ebf71433d7915c,SP,157.51
e00d85ce20ea50c1224c66ca5050527d,SP,157.3
4c4d546adf3c3868fe19c9ec6e9ffda9,PR,157.08999999999997
062c325cd6a2b87845fab56b4ec2eeae,SP,157.08
40ec8ab6cdafbcc4f544da38c67da39a,PR,157.0
59de1d4c8c057c2a53acd4ca66531af2,PR,156.75
712efd3b68f9686dc856b84abd0f21ae,PR,156.16
9558aa23f77a9e0a0eca83540999f43b,PR,155.57999999999998
4a5b36211b1f51bf7eaa5c10a57fa483,RJ,155.26
bf0045791395e66460eb04749c68672a,SP,155.25
876182d1918783bbe15233febfbd4926,SP,155.0
26e2e5033827d2ba53929f43e03d8ffe,SP,154.78
96e5dc09087bad639b4ee193104ec2e5,RJ,154.44
aa1eb17b9fdf6dfd546e25c45c7b9235,SP,154.26
f114dca2828bf718548db175ebe2cfcd,PR,152.99
519a7aa428f18d125a283cf8c014fdd6,SC,152.79999999999998
934ed5cd1b9c1c7382d0a94a94b9e639,PR,152.47
788f22bafdd7ab0e1e79f19db72f16a4,SP,152.04000000000002
13dd308f81fea30cc670c656b2b46cc3,SP,151.14
5f57db27027655e6c6a391601daa0258,ES,151.04
910a922b426b7ff95eaee129ad6c0e1f,SP,150.95999999999998
8c351ed7c326c62123318f4f3246e906,SP,150.66
4c60877808f4318ef1107fbeb8f89afa,SP,150.63
b416191c9813d821a295cfabafff4161,SP,150.14
0f80a40c312b2472dca482cf50f5186f,SP,150.0
d4a5e99e0dd915df64ba55a7fbd583fd,SP,149.75
296729ffb9b684050dd24836dac4494a,SP,149.61
739c7d7be81f63812dea0d1b1451c651,PB,149.3
e88165a185134e13fdfc85d4fa654db8,SP,149.22
d8bf0fc082fd4a77fc2e5679b6c00133,SP,149.04000000000002
3606774ec64634822d78dc2db6d37045,SP,148.93
570d4583587a5fe2d47c7be89b91ad27,SP,148.92000000000002
2fa13c8bd5705d279f7ed5cc9ec61c68,SP,148.7
c87abc38c8ed3240861729e1aeadf221,SP,148.68
db6a4d4b5f1f5f98820ce6ce2619e2de,SP,148.15
693660429f9dc4ff704eb3d88dad54d7,SP,148.12
52454f90d4c30c016768db02f88c1a74,SP,147.67
7c4402417d51474d4d0cda9557340e40,SP,147.59
2f3d8b4c9e2ee165075331fea3f3095a,SC,147.35
a90a5da8b09e44264a177c0374a5ac87,PR,147.3
2b5ed0c9139dae8883a200dfcb272ece,SP,144.75
70126eecc6aa1274392a1743866e9678,SP,144.74
e732329483fd5f27367dd997b47f598a,SC,144.47
dc120d932ddf9d4dfb6fd68beefda622,PR,144.44
c092292535a57dacd95a8765f5518f87,RJ,143.98
b6f52e346160519c24a23af05410ad32,SP,143.25
e5c84227854980f1db19a58958c551d9,PR,141.64000000000001
88af55b4a7ca402b27df16f7c7c9b5d2,SP,141.52
e5def42655b7490edac5a56fe8e9e603,SP,141.42000000000002
e9b6c33b71b67737693b4cfa68341c8d,SP,141.39000000000001
160851d3ece7aa1a510f8d1a4bb8a8af,SP,141.14999999999998
11d4c477d09821164bca4f70a2eae031,SP,140.86
ec21206b7894c503788a684a7bc822a6,RJ,140.78
a69aa24cec11168e7e39a3fbc727e925,SP,140.29000000000002
bba8d0c234a52b87b3957037a215d1a4,GO,139.53
003554e2dce176b5555353e4f3555ac8,GO,139.38
cb5ff1b9715e99589f3e0c7a6afab9e3,PR,139.03000000000003
d52cbce9845184537284a23c3bc3da0e,SC,138.78
01266d4c46afa519678d16a8b683d325,PR,137.48
f9a02f1922d1de564392e656d82b3fda,SP,137.39000000000001
00d8b143d12632bad99c0ad66ad52825,MG,137.1
a353b1083c9863d756d9404695016d64,ES,137.09
35281d148dcf7134bae913c57db4e6da,SP,137.01999999999998
fc5a0d7a310a7a41abf86a458585ff2b,SP,136.97
4be9ae93c4fc0f41713d71a4194ee1b3,MG,136.97
164a5a8794e6d42e14f55e447b12a3bc,PR,136.76
9e17b9d64683aebcbb9ee362d06463b4,SP,136.67000000000002
781a66c0d89e30814d49fe8b5e14cd07,SP,136.3
d1aa1ec0839dcab73a6161130eb1f94a,PR,136.04000000000002
a150c540f572d0fb53992264bc5c10b5,SP,135.49
07a9bc7f61396b658ddf3ac534efe44c,SP,135.49
6235903333ba7de1928c869e268e5964,SC,135.48000000000002
7994081388d55b9cf976c050653dd359,SP,134.6
8dd386be0767c330276ea6a3f96532d3,SC,134.48000000000002
d8d9567d0bfb0bc7eb845a205ba42657,SP,134.31
623ad9d0c1e14bb5464a8c72bff7b4af,MG,133.96
674207551483fec113276b67b0d871ff,SP,133.84
9c3a1c416c765687bc79a04113269929,MG,133.8
0dfbed20065e425d2eaefb101f9816c0,SP,133.6
9bf11dfc0bec77e5a23028043c3c5a8f,MG,132.06
61f159ef6da2d441951d2c0efa719362,ES,131.91
1cbcd2ee0afb3fc09963b87eb65e7e4f,PR,130.64999999999998
2c9005d8043aff18b8557ffb7b13cda4,ES,129.64000000000001
93bef6edaa84956e8e575016449b6351,SP,129.56
782f78b632a43875dd5b53e3e49c9564,SP,129.56
43b2c864251aa0ce4030c746984e088a,DF,129.32
324583d68897f5ddbaf38f6248322176,SP,127.99000000000001
28d162ab86bb49d719c32f0ee6186eaa,SP,127.19999999999999
62de60d81c55c29d76a6bce418b31cef,SP,126.87
80cfd480be3eb6d6267139f5cb793555,SP,126.34
f43827dd686be3a4a80e00aa299990fb,SP,125.74000000000001
ec2e006556300a79a5a91e4876ab3a56,SP,125.73
eaaa46e98c9e61f6764dd1d7a2ab8b3e,RN,125.64
be67f78487e2cecb0d55bc769709e4f5,MG,125.64
7bb8fac2913a6064ec412e583c6d8b4d,SP,125.52
60da8bfa7eebe230b7d66ac4082d79b3,SP,125.27
443d880f15cbd3572885e1d44bf2c478,SP,125.0
253c025bab43881055aeecde5e2d8b77,PR,124.33
b8d890108a7a80e4f5d59eea9f362438,PR,124.28999999999999
ac1ed5fc15901fbc92920361eb4ab350,SP,124.03999999999999
2aafae69bf4c41fbd94053d9413e87ee,RS,123.87
5741dc2bf5044c34d0698681c5081bed,SP,123.74999999999999
db1f0f7c7e5e87f40b62226f020bb297,PR,123.73
889009a0ed0bb52c87819941192931b8,SP,122.98
87f3e35268860433e13d577825aada95,SP,122.06
a4fc6eadaff1576af888509a53420f6a,SP,121.62
247587846358bb1d2e4c6522020b36fe,SP,121.51
05aebce0b5c8f0d41b29b686f2d05fd3,SP,120.88
9d213f303afae4983637247556438ede,SP,120.81
4fae87d32467e18eb46e4a76a0a0b9ce,RS,120.80000000000001
db7ed69a53aa9fb1c01930ba54a88bbe,SP,120.78
4cc43a222a0f94910728b62b97a8c5f8,SP,120.76
a2b911e9ad40dc7d61c142a4683e2d85,RJ,120.30000000000001
217f005bb37ff3aeef5b2ae1788e75ba,SP,120.22
2cb98e27ce1c18abdb42209b34c382a7,SP,119.7
2d20f1cd18725c91147da0791d498022,PR,119.69
4fe2f67634d00c021aa01f96b6f2d68e,PR,118.84
271b8923c6a549e02d3c9fd1f8c0422b,SP,118.59
028872bfa080090a9d0abd4f1af168f8,MG,117.87
74a9b9bddf14ece02beb81f52c41a88d,SP,117.06
79b93a308a97792cf53ac75f46da00b5,RJ,116.04
17998cf586426bf0f2c3726cb0a4b211,MG,115.52
26562f211dd1364af2a8596dc945e8ae,SP,115.11
aa8af66c623d7d544dfe4bb85b5ebe3b,MG,114.57
aa17b35ce4de7b565be3249ba838944f,SP,114.0
3d2400ac620cffa23ac81bd192f7f555,SP,113.9
6b2612338467c08c9b25f0cc55b1578d,PR,113.87
1c742ac33582852aaf3bcfbf5893abcf,MG,113.69
918f6fbcf3ab724d805867303e593a1b,SP,112.58
376d67b61dce0c990155286e7ae486a4,SP,111.91
7f02656561b680def9986c0795a8a080,SP,111.83000000000001
270572bb714b00531be85e16e1550f26,SP,111.75999999999999
fa7ad8ae9bcb2c4493fdf38e96b1d74f,SP,111.7
a7c53f6b3b61adbdaa99dda97e8cbd56,SP,110.3
a5ff20ff766e7f50bd5066f33da14413,SP,110.17
65c255b299faf2d12050937cc219c46c,SP,110.08000000000001
00ab3eff1b5192e5f1a63bcecfee11c8,SP,110.08
7a704e63bb29c446869efde5d57524c8,PR,109.89999999999999
154bdf805377afea75a3bd158e9eab10,SP,109.72
22a23e5ac7061fc538cc2a019afaaf16,MG,109.42
166e8f1381e09651983c38b1f6f91c11,SC,109.0
6d04126aba80df143fd038e711b8fd96,RJ,108.86
e4253cef933647000a82ff39c67b7bde,SP,108.72999999999999
d7d517afce974cd491b8d52bb5b5b1fc,SP,108.72
a72f15980dc3e9bfd1a49ac9b2f3af65,SP,108.63000000000001
dd264199fc8b687ad029de7de6d760e6,PR,108.60000000000001
cac4e0bc1a3269fa2b6ea5e763f6115b,SC,108.02
eb4a59a06b3948e851a7d7a830bcbc42,BA,108.0
2bdb95a56a36ebbc6640337ac5eac174,SP,107.9
5de1c80811ce7007f62f00d971236c09,SC,107.75
d598f929fc44e1e38678e7f47250ec04,GO,107.30000000000001
c85d7b477a709c85a1e8b8f25aa1b270,SP,107.22
6624bc09786f0e41ae48dfc5eeb1a9e2,MG,107.01
a56a8043ebf66e42119618fb8cf232c6,SC,106.73
5305693ffae2d3463377b1f6fe67b15a,SP,106.55
e4f121bf6ef8b9a1d4d3e65dd0473fab,SP,106.46000000000001
f8f35af4634605e6693c17cc3ffff5a8,MG,106.39
b86a47b3366e3b5424a7b225781f4908,MG,106.35
499185655c29ecfdbfe776ef7cf875b5,RS,106.33
e5bd51692380fd8cabb19b756b95e714,SP,105.75
83d458c0d6d4f94295d63f091460bd60,SP,105.74000000000001
dedcab67899479e4ea5dcc4eba47f587,SC,105.63999999999999
29c322e3f09f886f8bacbe91dfbd979e,RS,105.57
20fd2d2080ed85fa67fad3fcbb2c1813,PR,105.47
466222e777149751370e7e98fb623b0c,RJ,105.45
bbf4a892cac7b82422baa711dffb8997,PR,105.34
4aba6a02a788d3ec81c03137144d9a80,SC,105.28
6187a137b2af59dfdbad8d9f8c373c14,SP,105.02
a7b7354cc588f7566a848bcbb1ce3d96,SP,104.87
b5dd7151a92ccaaa282cbe9681a05f44,SP,103.7
5587130f9850696ed7fafbc91c2cee44,SP,103.49
da2782c804606d2a5d8e1760dbb3e7ec,SP,103.37
f3055483058c84d75ca2a3314fb4deef,BA,103.28999999999999
0f519b0d2e5eb2227c93dd25038bfc01,SP,102.9
15b3b1b81484422eb41df68ac87f1f50,SP,102.89
a1bea9970d8f65b240555f99c2214f7f,PR,102.48
48e5ee06fb2dc74df1c711a9b6dfac2a,MG,102.30000000000001
b452cb0ae35044c4a53179c39f49fb06,SP,101.98999999999998
c2bda99904207edd1834f03e0022b007,SP,101.68
83f2b4881141ce3fcd4e985125d3279e,SP,101.38
42d4b7e70819438f5ada61c965e92d7e,GO,100.78
c6381b1321d7d97717a5bb4ed5b77882,SP,100.00999999999999
43a5d4a57af536fddc96d08be3afdfcb,MG,99.83
a7d0f8dd44f57ef6de7f7f02e3d82630,SP,99.67
42fb44130ac3134cde8e35cf8ec7df25,SP,99.14
8132b9bd16876e1b0f8808d43825dd48,SC,98.9
cd233f8bfa30ebfd651f47ee7d054951,SP,98.56
8fb67a334bacec338885b4e9e1708073,PR,98.42
52b53f7061969fe471d119b6195da864,SP,98.37
dcb7367a92f5ffb89f1e2152ed260285,SP,98.34
c542f5a8c64d973f30e9df8d06f70b4a,SP,98.31
97e50a621f8e801f4baf69e08687c192,SP,97.78
ca5832c6960267b71041f74bb39e8b12,SC,97.71000000000001
ba8e85df286308fe68a2ce83a8f8b2d6,SC,97.66000000000001
1d0646a72178a6fb37ee8082140e06ec,SC,97.62
1a8e2d9c38b84a9702ac7922924b0573,SC,97.0
b3809b8d4394588a47c8470ea331e135,SP,96.88
9fbd5666d8618fa571c4230fafa09bd6,SP,96.71000000000001
6dd7dce75cd55c1ce255dc38d9f0cd46,SC,96.33
c8771b1a10bb99bb34d3c459c5cffb53,SP,96.10000000000001
c0f3eea2e14555b6faeea3dd58c1b1c3,SP,95.64999999999999
b3e2faf2c1004d674f16a3aa3197f0e1,SP,95.24000000000001
8f0fbe2cd4d472157dc1cdef6edecaa9,SP,94.75999999999999
9591fc341b1bfb7ef561e2968ec6e011,SP,94.21000000000001
497709c2976a8fa308730a2dec5b0726,SP,94.03999999999999
bbd3acfe6de99892e73940d3fdceaf68,SP,93.55000000000001
fe9d9cf8631285d5982c6e2cf27fb114,MG,93.54
c8665a4dd081a2c436b1cd921079d0d9,SP,93.53
babcc0ab201e4c60188427cae51a5b8b,SP,93.13
5cf1ec37aea089f45110c70653a166ab,SP,93.1
455f46ef09a9e45667e2981df84b5cc2,SP,90.97999999999999
5a4236931428800e9d9cc04af0987118,SP,90.66
24a6daf925d9d591870a66660416de31,SP,90.08000000000001
723a46b89fd5c3ed78ccdf039e33ac63,RS,90.03999999999999
e9e446d01bd10a97a8ffcfc4a3a20cb2,SP,89.61
f90f77ef2799a27f80d90c425ca944f7,PR,89.46000000000001
a45765f8afb1e594b22bf9e974b46765,SP,88.91999999999999
b5b800c4065bebf4d3442311c9857344,SP,88.81
76623fde66e6b63b59440fd34160512d,SP,88.74000000000001
9b1f656ca3060f8af17a50d8a024b533,SP,88.68
392f7f2c797e4dc077e4311bde2ab8ce,RN,88.56
204b4e07bddef3c9b317f70189135b22,MG,88.13000000000001
b6c6854d4d92a5f6f46be8869da3fa1a,SP,87.82000000000001
85e7c62c1d6ea078c3897424f867a7c8,SC,87.7
f0ec6a2adb05c62655a26dd347b8dede,SP,86.78
4003520d80d0bad1d5623f7aa3c63cda,RJ,86.74
0a198e95d32b1be2da9424c962a6ebfa,MG,86.66999999999999
20d53aad4fe5ee93a64f8839609d3586,MG,86.44
3da38366e7bd9baf6369071f782ecdf0,CE,86.43
f0ec78809fe0bc3edb11c9fe5b97b059,SP,86.25999999999999
d6cd01c59123df02fc226eadbadb5f89,SP,86.15
4e92348462c75b6c842b994ce84a0ed4,RS,85.49000000000001
b5d034ac251546e25afe9067f05c1539,SP,85.27000000000001
3e51f9cbe317bc3a88f2c76583811ee4,SP,84.78
3e35a8bb43569389d3cebef0ce820f69,SP,84.67999999999999
a3fa18b3f688ec0fca3eb8bfcbd2d5b3,SP,84.25999999999999
edb65fe661681b1c0de8bd47c8655855,SP,84.24
d58d521f3789def2e7a22715e0badd93,SP,84.2
eaf6d55068dea77334e8477d3878d89e,SP,84.01
d7ab82074b5f1dfba46db123df101bff,SP,83.97
c13fb473e7cb8b83ccd543c094df0608,SP,83.52
be7a093e5b4d147b36b72bb1f9e415e5,PR,83.25999999999999
447d377bdb757058acb569025ee18a93,RS,83.00999999999999
7963e546f34e098b578f9ad102494601,SP,82.22
6ebf4eceee4dd9847201c82e77ef8123,RJ,82.03
dd5450b022b2d00a2145a66331e1aef6,SC,81.34
ad738d3fcf42655ed15c4960b7b6c601,RS,80.89
26f6b7ab07be3e9e69ce82a6552efc19,RJ,80.75
a2a41aedb70551d4a85aa04dc2fced48,SP,79.73
9ef932e837d8b7f392c0bfee9d359dc2,SP,79.56
ac9b01377919cdbd2a1bbb8d5837c70b,SP,79.44
d9b00a97818674c7f8d8b1ef0e689679,PR,79.08000000000001
2eeb6531ee027a48d401e72bebdd87d3,SP,78.7
1d953075c2f0dd990bacf27b83b330f1,MG,78.32
52831e5990d0771cb4951d6f12928167,SP,78.12
84c945f15571830c1a91a33978e94009,SP,78.03999999999999
f3511c85f59f8dec53d140501ee8e7a8,PR,78.01
f7c31656c19db6275a8acadca289f426,SP,77.75
56a8b450e802502ba53a9885ee38e29f,SP,77.65
7c462184585ae80bd6e5774c62ce50f2,SP,77.64
3a3c180dd702a725bd0ba4117689239e,PR,77.38
60ad151920c4f6f3ebbe8cfdf6166779,SP,76.95
80146bc52c4f6af5239b23de2a20262b,SP,76.78
6a3139c7bf09ece22a4713d956acbe5e,SP,76.64
e1a210d482714ce337763a19aef94ba4,PR,76.50999999999999
cecd97bc34ed8330bd4cd15713eda670,SC,76.5
7315baebc0572ff220d226283dc66728,SP,76.22
75fdd0a732287f9497b179f6bd445d32,SP,76.08
528ce32f560edd11add4169f6a5b65be,SP,75.1
07e8e8fc5222bb358e6f259da3197074,SP,74.86
0af2ab31141893d26aca5a404a537dab,SP,74.51
c240c4061717ac1806ae6ee72be3533b,RJ,73.89
9996ae921c50e8dff411ac69c0b4bb8b,SP,73.37
d180e07dc1e58c31c3f0cd599dc4d945,MG,72.96
9e94fa26a70ede4d26226e918e8706a2,SP,72.74
c7246702dc991a06d788120dc7544391,CE,72.52
9140ef75cc8211c4035935e80e567204,PR,72.18
fe19dce63ae80346207c6c55713d1023,MG,71.72
2f1e7b90e01d9f086cbcb301c0c3d406,SC,71.66
258447aad3f7b01e2643c89f64dc5647,PR,71.45
1d139e3a3b14025640d8df1b230aace0,SP,71.18
0ee4fb99ac55ffbbc98795aa01b7f8fa,SP,70.92999999999999
7b3447b497e55af8c15fc7bd89d7b81a,SP,70.65
b77a27b1864483e721dc831d5ba4afa0,RJ,70.42
0936e1837d0c79253456bbb2ffaaef10,SP,70.02
9ac75591b69c3402684b6ce0310f22ee,SP,69.67
3e46a38ee171c503c3b4a3f23fe3bf0c,SP,69.00999999999999
c1552b1dab6e6f760950368ae61fb600,SP,68.69
720e6cf846ea7572cbb66b743fb91e6c,SP,68.55
2c2c9832d1bb38c5b0034a3b47d313ee,RS,68.35
5415337f1863452476d42d9f14a16a61,MG,68.35
c963a25b8671419c6ce9eebe8fd03218,RJ,68.32
c200c73f9d7e5a08ca439d6a0803da7c,PR,68.2
e3e15e2c0b9700561efac21c6be48066,SP,66.94
ebe3dabc4955c9b0d695e7bda38bf5c3,SP,66.89
5aaa890629f83706d8d9bfecd8377c1c,RJ,66.82
63704069d9bd3a75c1cf59babe56004a,SP,66.69
43753b27d77860f1654aa72e251a7878,BA,66.28
2e2f44824ab87a0cb961f68bf4073e7f,PR,65.93
1b61fb1f0f2185d89e9a126c498e9cc7,PR,65.81
3338e7a0710a195872be80e0d2423867,SP,65.43
e0487761face83d64fcada2408959a36,SP,64.12
8629a7efec1aab257e58cda559f03ba7,GO,64.11
2ef086a599b597572aca4433b7ed6b3d,SC,64.1
539ed9e19811677513447759be5eccfc,MG,63.919999999999995
ce33c6211beaa8fef4cae8b52db39862,SP,63.519999999999996
51e0557bc7b86de13e946c60ee91ce39,MG,63.4
d85efbc8eff2b7adf524e2820569adc8,SP,63.29
70c0fda4c313d87115644d39e62eec60,PE,63.08
6c9875b2f94ba781186f0c1aed8d1687,SP,63.050000000000004
7494d0dcba8551df6cf37f1b905dc2f7,SP,62.97
0b1ca3ef18a63d7eb0c8897fa0849c08,SP,62.87
513a54369b6a8a6602fcb0e129c6d78d,SP,62.66
3ded4e2d5f135cb103e5949d7263d2dd,MG,62.379999999999995
d4828feed4cda2cd9d6b37899a95a71e,CE,62.11
d297f1055de2956aedfd3b04113dce3e,SP,61.94
749e7cdabbaf72f16677859e27874ba5,SP,61.739999999999995
417a1e6c7321084d2a0ae0d023cfad93,RS,61.379999999999995
4125d9385a25e82d2f72d3a0fd55bc3f,SP,61.3
16bdc8cefd0e32a6f0824d296c5ad14a,SP,61.08
9315e491484b1b0081ca166fc164108d,PR,60.4
cad10cc982ab6a391570c211b995c17c,SP,60.19
05a48cc8859962767935ab9087417fbb,SP,59.39
6bcb2352a2a0c38b845f598298ab9d26,PR,59.38
9c351405b754cc5ce3e2ecf277bb034a,SP,59.11
ac137bac82ffa8548e62bd9d01d2a14f,SP,58.94
4d8809767a5bafe22909c77951fb6b41,SP,58.72
c4b911d06343b21dd906651f8101cb49,SP,58.620000000000005
edb58a1390adf273840030a3d6253829,SP,58.28
84deb808079d1be601c209c1e771b1cc,PR,58.14
535bf14f36346c7f59d87cece104d70c,RJ,57.769999999999996
da3fede3469bf49b7293ce3fc45b294d,SP,57.69
9b1050e85becf3ae99c1cf4934c9bc5d,MG,57.67
2c00c85d30361cd2ced2969cffbbffa3,MG,57.51
e5545d4d4473876ea78c5bcebca365c3,SP,57.47
1f7dfad2cb384ea4d2d7e1ffbd78c407,SP,57.29
e595809a6c31ec4314fd06ef198c244d,SC,57.230000000000004
d63f306de130e0391d38a792541723b8,SP,56.6
2d8cfba3fcd3170555941605edaa196a,SP,55.96
df683dfda87bf71ac3fc63063fba369d,RS,55.95
a213f1bd6458f4a158f3746cb2514559,PR,55.95
c74f14c1e26cf1bd5bd34b6a1e274426,SC,55.79
baf15155e37ef5492731459bdc05be8a,SP,55.72
e72b4feb7abe210c52aa667abc25a3a2,SP,55.64
8b181ee5518df84f18f4e1a43fe07923,SP,54.98
3d62f86afa7c73be2628a3be1423f5a0,SP,54.42
ab75b89cc49c9ab3160d0c91565a442a,SP,53.83
70ee69419916dc13e3aed619061f996c,SP,53.72
bee36b4f9a2b9fdcaff6ec05df202ed0,SP,53.48
1f2eebc0e970fd3c463e4f5d9652687a,SP,53.47
3a52d63a8f9daf5a28f3626d7eb9bd28,SP,52.78
bb7ad8a45c027be8ab075b8e465f8ca0,SC,52.620000000000005
2c54051840f19eca309a5423cf22df36,PR,52.269999999999996
67e43d802fde8cfd3f9580124f8167d1,SP,52.239999999999995
c161d1327ebc3a156c09582ab2f59f6c,SP,51.55
e116c7455dd26a4d8c3e92532583905f,SP,51.54
9200e6ce317b67196b6b0bad4d4bd567,RJ,51.42
f9f68daa2af419d38f745478bcb3da1a,SP,51.36
999f6d9a1c7c81f43be44c6b7d076210,SP,50.83
630008e0f062605a415d694489f6f82e,SP,50.7
c716e0b86ed568878475b60fbb6323ad,SP,50.230000000000004
5a32c398a06c345440bf2a683b017ad3,RJ,50.129999999999995
baeda7047354773262ba2405f97038ba,SP,50.1
e0b162a693bc7f9eab00f783a31d60ea,RS,49.69
6561d6bf844e464b4019442692b40e02,SP,49.449999999999996
cb162c8eef257253782d245c08d9097c,SP,49.120000000000005
87b4428a334b8f676fd9a7f3bf544fb5,SP,48.98
3aa3c89ae3cd482385568be76120f63c,GO,48.94
389e45560e33d2d0747f949dcddbc08e,SP,47.43
72c73be2b085b9d57650dd53eb2004c9,SP,47.32
d7f1cfc638473be93baedbfd02208016,RJ,47.14
28a26ebce31d5918b181ede016fd693b,MG,47.04
bd4ff04377f974574f7f0bf9d6ce7dde,SP,46.730000000000004
a09a13f18ed27932d08438aa6f12756e,RS,46.01
32f83ffe11cd40f7adcf4eef171f52d9,RS,45.089999999999996
02a2272692e13558373c66db98f05e2e,RJ,44.51
fdf736c18c589ed030e058312203e1b2,MG,44.51
436bf27f2f18474fc6047702e9f8a866,SP,44.42
c9d2ba8dde44a275ae06475ed1d2fafc,MG,43.31
e6ffc9ac6a7adc9d16a1cfc2286dd546,SP,43.28
33fd411ed63a7c2f9005e3f065d9f85d,RS,43.129999999999995
b026643914f651e8371425e5b8a1e780,RJ,43.0
7b3f6ce5c6c22e9b96e7581ebf0df6e1,SP,42.49
bd43e172d599bed47a85da877172ca8c,SC,42.19
455befea1bb853c75ccbca94cff26e5c,RJ,42.05
41958cbd3335433c8740300e8cd600d5,SP,40.38
3986c0b54f6b748b75e7bd4e092aa3e5,PR,40.269999999999996
7cb946b1ad19faebe28c3e86c2794ec3,MG,40.1
7d81e74a4755b552267cd5e081563028,SP,39.99
15aec03fe4cf30dfa574cf550f5ff5ff,RJ,39.86
bcd2d7510d58e293f20fad6438c1b314,PR,39.46
1c83418358f249c9d6affa52d579db0e,SP,39.42
1a6245add4353f18ed55138808906979,SP,39.34
544863df86ed3b78a04e0820d41430ee,ES,39.17
bd65d163ded559eb90a10cd09fec178f,SP,38.480000000000004
a61cc04793308395a840807104365121,SP,38.37
139157dd4daa45c25b0807ffff348363,SP,37.68
c0e0b73d039eb9a99b6ce4cb7a429cd3,SC,37.56
9d69ba0a7a626a64dc5db08e529559cf,SP,37.54
cad9969167c09b48ae6f1d123f7fa68d,MG,37.51
82921991ff5b557b045605b8bbf08d49,SP,37.129999999999995
34675b28b826facfde119785bf287dc1,PR,37.089999999999996
38f276ca6e7cc95a6d1bb55ac9e5550f,SP,36.839999999999996
98f52e1020fe788c10c0418de4393fec,RJ,36.7
c97aa4ee7420f937da13b7f9e2228b99,RS,36.56
b2f4d63c7203f539a78252565ca32257,RJ,35.74
698624c6632eeba1774924dbea24c700,SP,35.129999999999995
f1fdf2d13186575751aa25876536d85c,SP,34.59
e76ecc7e9a1a1e3c6df9d2a8261c423d,MG,34.1
63bc58679c44e8a998792119fd7ad23e,SP,34.01
d93b8458c6fe139d85cfa5eadbf55bd2,SP,34.0
e174dc2de86d60fee178170a154c05e7,SP,33.9
804287717b9156fb7a787acd9af4fac1,PR,33.9
0bb27263628258b8111a0262769fa9db,SP,33.16
fb503a924a0b9db19d83dd0ac6dbef8c,RS,31.82
c1d1ebb4745cc43cb6f05e9c8a705c9a,SP,31.71
ce4755084bc097113867e6454f8f5e52,SP,31.689999999999998
6c77cd583b36a13aacccf2b3ee23e233,SP,31.689999999999998
eb1bf309f4f6af9a97e9ddac3fdbeabe,SP,31.18
0b46f784306be7200ca1700aa55d819f,MG,30.86
bc8c8d665ec4664d286be0d521722b19,SP,30.82
5e063e85d44b0f5c3e6ec3131103a57e,SP,30.32
c3e2398fcc7e581cda2e546557bf6968,SP,30.130000000000003
9f56a7a649097b166d8ed286ad86a15c,RJ,30.09
20f0aeea30bc3b8c4420be8ced4226c0,SP,29.42
e64ddbe1cbcf4f2fc3092b7c481f3f9d,SP,28.29
f3862c2188522d89860c38a3ea8b550d,SP,28.29
95cca791657aabeff15a07eb152d7841,PR,28.22
668bf321538e5072858eaef6087ce027,PR,28.009999999999998
344223b2a90784f64136a8a5da012e7f,SC,27.689999999999998
7caa63f175b1cecbfaadd8b5ab9998c7,SP,27.64
0f94588695d71662beec8d883ffacf09,SC,27.59
9e25199f6ef7e7c347120ff175652c3b,SP,27.02
eae9af4811c294c56795d70e715b7337,SP,27.009999999999998
6614814a00d344b846ae209f95ee7e3f,SP,25.689999999999998
6576fd3e23c88f0e5d4d23f39bba0542,SP,25.46
5b92bfa4120daa27c574daa2e386c693,SP,24.96
c18309219e789960add0b2255ca4b091,RJ,24.0
7ab0dd5487bab2dc835337b244f689fb,SP,23.46
34aefe746cd81b7f3b23253ea28bef39,PR,22.52
b5f0712d22a873b6797ab6cc65c3fcba,SP,21.28
cc1f04647be106ba74e62b21f358af25,SP,20.189999999999998
c1dde11f12d05c478f5de2d7319ad3b2,SP,19.89
3ac588cd562971392504a9e17130c40b,SP,19.29
ad14615bdd492b01b0d97922e87cb87f,SC,19.21
702835e4b785b67a084280efca355756,MG,18.560000000000002
4965a7002cca77301c82d3f91b82e1a9,SP,16.36
1fa2d3def6adfa70e58c276bb64fe5bb,SP,15.9
77128dec4bec4878c37ab7d6169d6f26,SP,15.22
cf6f6bc4df3999b9c6440f124fb2f687,SP,12.22
